Macrococcus	Weeksella
Dorea	Actinobacillus
Rheinheimera	Candidatus
Pantoea	Lawsonia
Eubacterium	Plautia
Lactobacillus	Paludibacter
Subdoligranulum	Aggregatibacter
Anaeromyxobacter	Bacteroides
Listeria	Croceibacter
Clostridium	Kingella
Klebsiella	Symbiobacterium
Verrucomicrobium	Croceibacter
Candidatus	Prevotella
Alicyclobacillus	Pseudoalteromonas
Gemella	Dyadobacter
Capnocytophaga	Corynebacterium
Weeksella	Lactobacillus
Clostridium	Salmonella
Neisseria	Lachnospiraceae
Flavobacterium	Parascardovia
Escherichia	Gordonia
Oscillibacter	Lactobacillus
Treponema	Bacillus
Methanosaeta	Croceibacter
Erwinia	Ruminococcus
Cyclobacterium	Eubacterium
Pantoea	Lactococcus
Cellulophaga	Leuconostoc
Runella	Streptococcus
Gemella	Weeksella
Brevibacillus	Fusobacterium
Eubacterium	Xenorhabdus
Parabacteroides	Actinomyces
Cyclobacterium	Bacillus
Flavobacterium	Brevibacterium
Pseudoflavonifractor	Mannheimia
Acetivibrio	Corynebacterium
marine	Bacteroides
Haemophilus	Akkermansia
Neisseria	Xylanimonas
Streptococcus	Prevotella
Prevotella	Parascardovia
Mobiluncus	Enterobacter
Croceibacter	Cryptobacterium
Pseudoflavonifractor	Sodalis
Sphingobacterium	Citrobacter
Carnobacterium	Croceibacter
Pectobacterium	Lactococcus
Methanobrevibacter	Capnocytophaga
Oxalobacter	Haemophilus
Subdoligranulum	Enterobacter
Propionibacterium	Pantoea
Jonesia	Croceibacter
Macrococcus	Catenulispora
Ruminococcus	Mannheimia
Pseudoalteromonas	Alistipes
Oenococcus	Bacteroides
Acinetobacter	Propionibacterium
Prevotella	Catenulispora
Eubacterium	Klebsiella
Cyclobacterium	Alkaliphilus
Catenulispora	Croceibacter
Parabacteroides	Microbacterium
Cyclobacterium	Propionibacterium
Citrobacter	Flavobacterium
Afipia	Klebsiella
Pasteurella	Slackia
Wolbachia	Croceibacter
Dorea	Erwinia
Croceibacter	Dinoroseobacter
Butyrivibrio	Rheinheimera
Macrococcus	Clostridium
Escherichia	Mucilaginibacter
Scardovia	Capnocytophaga
Arcanobacterium	Alistipes
Pseudoflavonifractor	Zymomonas
Eubacterium	Corynebacterium
Haliscomenobacter	Rothia
Providencia	Ruminococcaceae
Bacteroides	Rothia
Leptotrichia	Eubacterium
Fusobacterium	Moorella
Thermobaculum	Bacteroides
Croceibacter	Meiothermus
Cyclobacterium	Geodermatophilus
Flexistipes	Enterobacter
Methanosaeta	Rheinheimera
Bacteroides	Clavibacter
Haliscomenobacter	Lactobacillus
Brachybacterium	Bacteroides
Alkaliphilus	Croceibacter
Croceibacter	Bacillus
Neisseria	Dorea
Cytophaga	Streptococcus
Rothia	Croceibacter
Akkermansia	Pseudoalteromonas
Clostridium	Xenorhabdus
Macrococcus	Oenococcus
Neisseria	Ruminococcaceae
Spirosoma	Ureaplasma
Eubacterium	Croceibacter
Ruminococcaceae	Pseudoalteromonas
Paludibacter	Leuconostoc
Psychroflexus	Slackia
Coprococcus	Xenorhabdus
Leifsonia	Croceibacter
Catenulispora	Rheinheimera
Cronobacter	Ruminococcaceae
Prevotella	Ureaplasma
Gordonia	Rheinheimera
Mahella	Klebsiella
Macrococcus	Afipia
Akkermansia	Enterobacter
Amycolatopsis	Paraprevotella
Neisseria	Streptococcus
Prevotella	Bartonella
Clostridium	Staphylococcus
Escherichia	Janibacter
Oceanimonas	Alistipes
Macrococcus	Robiginitalea
Desulfovibrio	Bacteroides
Providencia	Eubacterium
Gemella	Lactococcus
Beutenbergia	Klebsiella
Bacteroides	Stackebrandtia
Flavobacterium	Oenococcus
Streptosporangium	Neisseria
Escherichia	Leptotrichia
Enterococcus	Odoribacter
Clostridium	Aggregatibacter
Dorea	Xenorhabdus
Prevotella	Listeria
Parascardovia	Paraprevotella
Scardovia	Paraprevotella
Brachybacterium	Prevotella
Treponema	Neisseria
Bacteroides	Atopobium
Pseudoflavonifractor	gamma
Macrococcus	Gluconacetobacter
Actinomyces	Sphingobacterium
Bifidobacterium	Flavobacterium
Oscillibacter	Rahnella
Aerococcus	Bacteroides
Clostridium	Shewanella
Coprobacillus	Prevotella
Cyclobacterium	Listeria
Shewanella	Coprococcus
Oenococcus	Fusobacterium
Azospirillum	Rheinheimera
Serratia	Oscillibacter
Dyadobacter	Corynebacterium
Bifidobacterium	Waddlia
Fusobacterium	Desulfobacca
Neisseria	Eubacterium
Rahnella	Propionibacterium
Eubacterium	Aggregatibacter
Dorea	Croceibacter
Marinitoga	Croceibacter
Dorea	Sodalis
Macrococcus	Blattabacterium
Listeria	Psychroflexus
Klebsiella	Coprococcus
Corynebacterium	Cellulophaga
Porphyromonas	Bifidobacterium
Olsenella	Bacteroides
Croceibacter	Clavibacter
Clostridium	Porphyromonas
Clostridium	Prevotella
Kingella	Clostridium
Phenylobacterium	Croceibacter
Alistipes	Pantoea
Bacillus	Bacteroides
Eremococcus	Bacteroides
Propionibacterium	Bacteroides
Gemella	Synechococcus
Lawsonia	Pseudoalteromonas
Klebsiella	Stigmatella
Thermaerobacter	Klebsiella
Faecalibacterium	Serratia
Psychrobacter	Actinomyces
Clostridium	Pasteurella
Escherichia	Deinococcus
Peptoniphilus	Prevotella
Sphingobacterium	Clostridium
Pasteurella	Lactococcus
Ruminococcus	Psychroflexus
Fusobacterium	Alistipes
Actinomyces	Nostoc
Leeuwenhoekiella	Lactobacillus
Oscillibacter	Mannheimia
Thiomicrospira	Alistipes
Streptococcus	Oscillibacter
Citrobacter	alpha
Lawsonia	Corynebacterium
Parabacteroides	Olsenella
Clostridium	Neisseria
Coprobacillus	Synechococcus
Klebsiella	Erysipelotrichaceae
Streptococcus	Pedobacter
Desulfosporosinus	Staphylococcus
Dorea	Acinetobacter
Sodalis	Propionibacterium
Flavobacteria	Enterobacter
Lawsonia	Aggregatibacter
Aeromicrobium	Croceibacter
Meiothermus	Eubacterium
Listeria	Leeuwenhoekiella
Microscilla	Actinomyces
Croceibacter	Pseudoramibacter
Intrasporangium	Bacteroides
Anoxybacillus	Croceibacter
Actinomyces	Alistipes
Dorea	Bacteroides
Klebsiella	Streptomyces
Actinomyces	Candidatus
Haliscomenobacter	Cryptobacterium
Eubacterium	Candidatus
Anaerolinea	Croceibacter
Pediococcus	Dysgonomonas
Desulfotomaculum	Croceibacter
Dyadobacter	Erwinia
Pseudoflavonifractor	Serratia
Coprobacillus	Jonquetella
Eubacterium	Dermacoccus
Bifidobacterium	Psychroflexus
Bacteroides	Frankia
Collinsella	Fusobacterium
Bacteroides	Kineococcus
Lachnoanaerobaculum	Escherichia
Bartonella	Ureaplasma
Fluviicola	Actinomyces
Croceibacter	Microbacterium
Oscillibacter	Xenorhabdus
Lactococcus	Dickeya
Porphyromonas	Eubacterium
Pseudoflavonifractor	Salmonella
Citrobacter	Lactococcus
Klebsiella	Flavobacteria
Propionibacterium	Buchnera
Parascardovia	Bacteroides
Desulfurobacterium	Croceibacter
Yersinia	Megasphaera
Klebsiella	Lawsonia
Mannheimia	Ruminococcus
Methanosphaera	Bacteroides
Croceibacter	Rhodomicrobium
Streptococcus	Propionibacterium
Stigmatella	Ureaplasma
Deinococcus	Croceibacter
Natranaerobius	Rheinheimera
Leuconostoc	Enterobacter
Geobacillus	Acinetobacter
Salinibacter	Rheinheimera
Leuconostoc	Dysgonomonas
Bacteroides	Bifidobacterium
Escherichia	Faecalibacterium
Zymomonas	Clostridium
Psychrobacter	Ruminococcus
Flexistipes	Citrobacter
Cyclobacterium	Streptococcus
Gemella	Candidatus
Enterobacter	Pseudoflavonifractor
Sulfurovum	Croceibacter
Serratia	Coprococcus
Cronobacter	Akkermansia
Dyadobacter	Klebsiella
Psychroflexus	Eubacterium
Dorea	Porphyromonas
Citreicella	Croceibacter
Escherichia	Polaribacter
Krokinobacter	Enterococcus
Dickeya	Lactococcus
Roseburia	Shewanella
Ruminococcus	Pseudomonas
Collinsella	Acinetobacter
Yersinia	Lawsonia
Psychroflexus	Lactobacillus
Cronobacter	Faecalibacterium
Faecalibacterium	Staphylococcus
Klebsiella	Oscillibacter
Paenibacillus	Croceibacter
Escherichia	Gluconacetobacter
Yersinia	Eubacterium
Jonquetella	Staphylococcus
Photorhabdus	Coprococcus
Lactobacillus	Fusobacterium
Streptococcus	unidentified
Runella	Ureaplasma
Bacteroides	Clostridium
Robiginitalea	Enterobacter
Macrococcus	Geobacter
Prevotella	Nautilia
Yersinia	Propionibacterium
Fusobacterium	Blautia
Lawsonia	Citrobacter
Croceibacter	Propionibacterium
Cronobacter	Clostridium
Pectobacterium	Treponema
Croceibacter	Acetobacterium
Klebsiella	Prochlorococcus
Akkermansia	Citrobacter
Providencia	Deinococcus
Salmonella	Subdoligranulum
Vibrio	Eubacterium
Ruminococcus	Baumannia
Bifidobacterium	Capnocytophaga
Frankia	Psychroflexus
Subdoligranulum	Dermacoccus
Leuconostoc	Odoribacter
Streptomyces	Leeuwenhoekiella
Bacteroides	Pseudoramibacter
Croceibacter	Oceanithermus
Thermobaculum	Croceibacter
Gemella	Oscillibacter
Enterobacter	Coraliomargarita
Actinomyces	Porphyromonas
Staphylococcus	Rheinheimera
Bacteroides	Epulopiscium
Deinococcus	Ureaplasma
Propionibacterium	Fusobacterium
Slackia	Pectobacterium
Croceibacter	Kineococcus
Cronobacter	Oscillibacter
Moorella	Fusobacterium
Dorea	Psychroflexus
Prevotella	Alicyclobacillus
Cellulophaga	Bifidobacterium
Enterobacter	Oxalobacter
Erysipelotrichaceae	Haemophilus
Cyclobacterium	Desulfotomaculum
Klebsiella	Propionibacterium
Erwinia	Eubacterium
Prevotella	Tetragenococcus
Fusobacterium	Propionibacterium
Catenulispora	Bacteroides
Rothia	Tannerella
Paraprevotella	Actinomyces
Actinomyces	Croceibacter
Cyclobacterium	Alicyclobacillus
Croceibacter	Lactococcus
Klebsiella	Subdoligranulum
gamma	Alistipes
Selenomonas	Bacteroides
Helicobacter	Eubacterium
Kitasatospora	Croceibacter
Macrococcus	Verrucosispora
Acetivibrio	Enterobacter
Croceibacter	Butyrivibrio
Granulicatella	Alistipes
Lactobacillus	Neisseria
Enterococcus	Capnocytophaga
Ruminococcus	Sodalis
Mahella	Acinetobacter
Pediococcus	Cyclobacterium
Acetivibrio	Pectobacterium
Providencia	Coprococcus
Candidatus	Alistipes
Megasphaera	Staphylococcus
Macrococcus	Treponema
Micrococcus	Propionibacterium
Eubacterium	Megasphaera
Dialister	Prevotella
Acetivibrio	Haemophilus
Alistipes	Streptococcus
Ruminococcaceae	Dermacoccus
Dorea	Providencia
Dialister	Fusobacterium
Gemella	Ruminococcus
Akkermansia	Neisseria
Dickeya	Propionibacterium
Eubacterium	Ralstonia
Neisseria	Methanobrevibacter
Pediococcus	Parabacteroides
Streptomyces	Fusobacterium
Dorea	Salmonella
Propionibacterium	Psychroflexus
Macrococcus	Salinibacter
Lawsonia	Plautia
Paenibacillus	Prevotella
Ruminococcaceae	Neisseria
Roseburia	Fusobacterium
Prevotella	Thermomonospora
Klebsiella	Arthrobacter
Dysgonomonas	Streptococcus
Xenorhabdus	Slackia
Stigmatella	Streptococcus
Butyrivibrio	Neisseria
Dorea	Pseudoalteromonas
Idiomarina	Croceibacter
Fluviicola	Lactobacillus
Prevotella	Lactococcus
Citrobacter	Gluconacetobacter
Pelagibaca	Rheinheimera
Ruminococcus	Xenorhabdus
Parabacteroides	Cellulomonas
Photorhabdus	Sphaerochaeta
Cyclobacterium	Bifidobacterium
Edwardsiella	Lawsonia
Escherichia	Eubacterium
Escherichia	Acetivibrio
Saccharomonospora	Bacteroides
Cyclobacterium	Lactococcus
Acetivibrio	Shewanella
Macrococcus	Caulobacter
Ochrobactrum	Streptococcus
Escherichia	Ruminococcus
Croceibacter	Geobacter
Faecalibacterium	Acinetobacter
Lactobacillus	Coraliomargarita
Lactobacillus	Flavobacteria
Eubacterium	Acinetobacter
Serratia	Lawsonia
Providencia	Megasphaera
Croceibacter	Helicobacter
Pasteurella	Ruminococcus
Halanaerobium	Fusobacterium
Collinsella	Staphylococcus
Prevotella	Oenococcus
Bacteroides	Bacillus
Streptococcus	Clostridium
Neisseria	Methanosphaera
Clostridium	Vibrio
Neisseria	Alistipes
Cronobacter	Acetivibrio
Macrococcus	Sphaerochaeta
Croceibacter	Thermomonospora
Flavobacterium	Ureaplasma
Propionibacterium	Erwinia
Gemella	Caulobacter
Cellulophaga	Lactobacillus
Bacteroides	Microbacterium
Photorhabdus	Erysipelotrichaceae
Escherichia	Sulfurimonas
Dorea	Tannerella
Pseudoflavonifractor	Neisseria
Pseudoflavonifractor	Erwinia
Moorella	Dermacoccus
Photorhabdus	Lawsonia
Macrococcus	Gloeobacter
Klebsiella	Rhodobacteraceae
Cronobacter	Coprococcus
Mycoplasma	Salmonella
Enterobacter	Desulfobacca
Subdoligranulum	Neisseria
Macrococcus	Alkalilimnicola
Bacteroides	Corynebacterium
Citrobacter	Desulfovibrio
Rickettsia	Rheinheimera
Alistipes	Pectobacterium
Bacteroides	Lactobacillus
Gemella	Prochlorococcus
Prevotella	Segniliparus
Psychroflexus	Brevibacterium
Asticcacaulis	Croceibacter
Tannerella	Lactobacillus
Legionella	Alistipes
Streptococcus	Odoribacter
Neisseria	Cellulomonas
Actinobacillus	Eubacterium
Cytophaga	Ureaplasma
Desulfovibrio	Acinetobacter
Prevotella	Actinomyces
Kytococcus	Bacteroides
Bacillus	Clostridium
Phenylobacterium	Prevotella
Oceanicola	Coprobacillus
Lactobacillus	Staphylococcus
Xylanimonas	Bacteroides
Streptococcus	Fluviicola
Akkermansia	Xenorhabdus
Coprococcus	Shewanella
Roseburia	Neisseria
Acetivibrio	Citrobacter
Psychroflexus	Cryptobacterium
Bacteroides	marine
Ruminococcaceae	Xenorhabdus
Subdoligranulum	Klebsiella
Cyclobacterium	Slackia
Vibrio	Coprococcus
Capnocytophaga	Leuconostoc
Streptomyces	Prevotella
Desulfotomaculum	Bacteroides
Coprococcus	Pantoea
Dorea	Staphylococcus
Butyrivibrio	Xenorhabdus
Croceibacter	Lactobacillus
Haliscomenobacter	Leuconostoc
Cronobacter	Subdoligranulum
Photorhabdus	Butyrivibrio
Helicobacter	Bacteroides
Halanaerobium	Rheinheimera
Lautropia	Ruminococcus
Bacteroidetes	Actinomyces
Oenococcus	Shewanella
Micromonospora	Bacteroides
Rheinheimera	Coprococcus
Rheinheimera	Methylosinus
Lawsonia	Pectobacterium
Clostridium	Cyclobacterium
Enterococcus	Waddlia
Proteus	Alistipes
Clostridium	Alteromonadales
Eubacterium	gamma
Photorhabdus	Ruminococcus
Mannheimia	Lawsonia
Treponema	Shewanella
Dyadobacter	Dermacoccus
Croceibacter	Symbiobacterium
Gardnerella	Bacteroides
Croceibacter	Peptoniphilus
Treponema	Serratia
Pseudomonas	Propionibacterium
Klebsiella	Halanaerobium
Azospirillum	Croceibacter
Hirschia	Ureaplasma
Pseudoflavonifractor	Fusobacterium
Streptococcus	Haliscomenobacter
Acidiphilium	Rheinheimera
Jonquetella	Shewanella
Capnocytophaga	Methanobacterium
Croceibacter	Aster
Butyrivibrio	Klebsiella
Coriobacterium	Prevotella
Gemella	Stigmatella
Ilyobacter	Eubacterium
Lactococcus	Staphylococcus
Tetragenococcus	Prevotella
Deinococcus	Pectobacterium
Alistipes	Dickeya
Fusobacterium	Subdoligranulum
Bacteroides	Methanobacterium
Faecalibacterium	Rheinheimera
Prevotella	Alkaliphilus
Pectobacterium	Eubacterium
Salmonella	Deinococcus
Atopobium	Parabacteroides
Pseudoalteromonas	Propionibacterium
Nocardia	Croceibacter
Cyclobacterium	Eubacterium
Mahella	Enterobacter
Akkermansia	Klebsiella
Dyadobacter	Pectobacterium
Sphingobacterium	Corynebacterium
Moorea	Enterobacter
Corynebacterium	Citrobacter
Cellulophaga	Ruminococcus
Enterococcus	Prevotella
Natranaerobius	Klebsiella
Bifidobacterium	Pseudoalteromonas
Serratia	Ruminococcaceae
Enterobacter	Desulfovibrio
Acidimicrobium	Croceibacter
Citrobacter	Desulfobacca
Atopobium	Sphingobacterium
Lawsonia	Rahnella
Pasteurella	Clostridium
Bacillus	Lactococcus
Frankia	Cyclobacterium
Prevotella	Myxococcus
Yersinia	Eubacterium
Roseburia	Xenorhabdus
Acidothermus	Croceibacter
Klebsiella	Clostridium
Fusobacterium	Desulfosporosinus
Propionibacterium	Rheinheimera
Croceibacter	Bifidobacterium
Aeromonas	Propionibacterium
Propionibacterium	Haemophilus
Blautia	Haemophilus
Photorhabdus	Ruminococcaceae
Ruminococcaceae	Fusobacterium
Croceibacter	Geodermatophilus
Fusobacterium	Erythrobacter
Vibrio	Oscillibacter
Amycolatopsis	Bacteroides
Pectobacterium	Dyadobacter
Cyclobacterium	Xylanimonas
Butyrivibrio	Pantoea
Fusobacterium	Dialister
Macrococcus	Oscillibacter
Oxalobacter	Pasteurella
Eubacterium	Neisseria
Enterobacter	Faecalibacterium
Bacteroides	[Cellvibrio]
Leifsonia	Bacteroides
Actinomyces	Dyadobacter
Streptococcus	Candidatus
Bacteroides	Acidimicrobium
Yersinia	Lactococcus
Leuconostoc	Pasteurella
Haliscomenobacter	Parascardovia
Coprothermobacter	Croceibacter
Raphidiopsis	Propionibacterium
Croceibacter	Saccharomonospora
Lactococcus	Rhodobacter
Pseudoalteromonas	Megasphaera
Pseudoalteromonas	Cryptobacterium
Staphylococcus	Faecalibacterium
Prevotella	Xylanimonas
Escherichia	Butyrivibrio
Tannerella	Actinomyces
Croceibacter	Streptococcus
Macrococcus	Sphingobacterium
Akkermansia	Haemophilus
Escherichia	Verrucosispora
Gemella	Roseobacter
Shewanella	Lactococcus
Pseudoalteromonas	Caldicellulosiruptor
Escherichia	Desulfobacca
Parascardovia	Psychroflexus
Ruminococcus	Megasphaera
Grimontia	Propionibacterium
Scardovia	Prevotella
Pantoea	Propionibacterium
Deinococcus	Rheinheimera
Escherichia	Coprococcus
Ruminococcus	Ralstonia
Fusobacterium	Akkermansia
Caldalkalibacillus	Croceibacter
Xenorhabdus	Alistipes
Oscillibacter	Shewanella
Alistipes	Buchnera
Haloplasma	Prevotella
Klebsiella	Jonquetella
Methanobrevibacter	Bacteroides
Pediococcus	Croceibacter
Synechococcus	Rheinheimera
Prevotella	Methanobacterium
Clostridium	Dickeya
Macrococcus	Propionibacterium
Klebsiella	Slackia
Bacillus	Slackia
Bacillus	Candidatus
Anaerofustis	Prevotella
Coraliomargarita	Salmonella
Acidimicrobium	Bacteroides
Providencia	Faecalibacterium
Eubacterium	Aeromonas
Eubacterium	Vibrio
Ruminococcus	Citrobacter
Dyadobacter	Neisseria
Sphingobacterium	Atopobium
Cyclobacterium	Amycolatopsis
Rubrobacter	Croceibacter
Myxococcus	Enterobacter
Syntrophomonas	Croceibacter
Bacteroides	Paenibacillus
Subdoligranulum	Pantoea
Coraliomargarita	Bacillus
Lawsonia	Rheinheimera
Pediococcus	Neisseria
Nocardia	Bacteroides
Pantoea	Eubacterium
Shewanella	Slackia
Halothermothrix	Staphylococcus
Gluconacetobacter	Ureaplasma
Mahella	Fusobacterium
Legionella	Oscillibacter
Waddlia	Actinomyces
Spirochaeta	Fusobacterium
Methanobrevibacter	Pseudoalteromonas
Actinobacillus	Megasphaera
Bartonella	Xenorhabdus
Treponema	Pantoea
Salmonella	Slackia
Salmonella	Lachnoanaerobaculum
Neisseria	Faecalibacterium
Lawsonia	Acinetobacter
Ruminococcaceae	Shewanella
Actinobacillus	Oscillibacter
Cyclobacterium	Nocardiopsis
Fusobacterium	Mobiluncus
Escherichia	Flexistipes
Waddlia	Streptococcus
Escherichia	Mycoplasma
Croceibacter	Synechococcus
Ruminococcaceae	Aggregatibacter
Capnocytophaga	Collinsella
Dialister	Staphylococcus
Pantoea	Faecalibacterium
Cellulophaga	Streptococcus
Psychroflexus	Actinomyces
Actinomyces	Haliscomenobacter
Macrococcus	Lactococcus
Coprococcus	Pasteurella
Moritella	Clostridium
Pseudomonas	Eubacterium
Croceibacter	Terriglobus
Streptococcus	Bacteroides
Actinosynnema	Bacteroides
Escherichia	Rhodospirillum
Zunongwangia	Actinomyces
Streptosporangium	Bacteroides
Actinomyces	Pedobacter
Mycoplasma	Lactobacillus
Klebsiella	Chthoniobacter
Xenorhabdus	Lactococcus
Klebsiella	Stackebrandtia
Lactococcus	Fusobacterium
Thiomicrospira	Clostridium
Actinomyces	Tannerella
Lactococcus	Cyclobacterium
Flavobacterium	Rothia
Acetivibrio	Dermacoccus
Eubacterium	Prevotella
Lachnoanaerobaculum	Citrobacter
Staphylococcus	Propionibacterium
Pectobacterium	Faecalibacterium
Escherichia	Dyadobacter
Mycoplasma	Bacillus
Wigglesworthia	Eubacterium
Cyclobacterium	Rhodomicrobium
Klebsiella	Staphylococcus
Helicobacter	Lactococcus
Pseudoflavonifractor	Streptococcus
Shewanella	Pseudoflavonifractor
Bacteroides	Streptomyces
Escherichia	Desulfovibrio
Clostridium	Buchnera
Rahnella	Lactococcus
Providencia	Eubacterium
Macrococcus	Jonquetella
Acetivibrio	Vibrio
Mesoplasma	Citrobacter
Candidatus	Brevibacterium
Rhodococcus	Bacteroides
Treponema	Pseudoalteromonas
Neisseria	Methanobacterium
Ilyobacter	Megasphaera
Lactobacillus	Tannerella
Brachyspira	Leuconostoc
Croceibacter	Chthoniobacter
Pseudoflavonifractor	Corynebacterium
Eubacterium	Zymomonas
Akkermansia	Granulicatella
Photorhabdus	Akkermansia
Lactobacillus	Weeksella
Actinomyces	Dysgonomonas
Oxalobacter	Actinomyces
Marivirga	Ureaplasma
Haliscomenobacter	Listeria
Macrococcus	Coraliomargarita
Eubacterium	Pantoea
Ruminococcaceae	Staphylococcus
Isoptericola	Croceibacter
Eubacterium	Buchnera
Spirosoma	Lactobacillus
Staphylococcus	Cryptobacterium
Lactobacillus	Odoribacter
Cyclobacterium	Melissococcus
Akkermansia	Staphylococcus
Alkalilimnicola	Croceibacter
Enterobacter	Lactococcus
Parabacteroides	Leuconostoc
Butyrivibrio	Staphylococcus
Acinetobacter	Slackia
Providencia	Propionibacterium
Flavobacterium	Streptococcus
Escherichia	Azospirillum
Corynebacterium	Sphingobacterium
Enterobacter	Caulobacter
Helicobacter	Clostridium
Photorhabdus	Desulfovibrio
Prevotella	Rheinheimera
Proteus	Propionibacterium
Rothia	Alistipes
Ruminococcus	Shewanella
Bacteroides	Gardnerella
Vibrio	Eubacterium
Salmonella	Acetivibrio
Cyclobacterium	Haloplasma
Weeksella	Klebsiella
Bacteroides	Renibacterium
Segniliparus	Klebsiella
Fusobacterium	Oscillibacter
Alistipes	Acinetobacter
Lawsonia	Ureaplasma
Bacteroidetes	Ruminococcus
Vibrio	Pseudoflavonifractor
Verrucosispora	Rheinheimera
Pectobacterium	Lawsonia
Lactococcus	Bacteroides
Croceibacter	Ktedonobacter
Leuconostoc	Neisseria
Leeuwenhoekiella	Eubacterium
alpha	Staphylococcus
Gordonia	Croceibacter
Vibrio	Ruminococcaceae
Enterobacter	Treponema
Bacteroides	Kytococcus
Escherichia	Dethiosulfovibrio
Lactococcus	Proteus
Enterobacter	Jonquetella
Streptomyces	Cyclobacterium
Nocardiopsis	Bacteroides
Enterobacter	alpha
Fusobacterium	Lactococcus
Mobiluncus	Rheinheimera
Macrococcus	Geobacillus
Subdoligranulum	Serratia
Photorhabdus	[Bacteroides]
Gardnerella	Paraprevotella
Colwellia	Alistipes
Eubacterium	Rhodobacter
Cronobacter	Alistipes
Leptotrichia	Coprococcus
Fusobacterium	Symbiobacterium
Beutenbergia	Prevotella
Klebsiella	Flavobacterium
Mobiluncus	Blattabacterium
Melissococcus	Croceibacter
Cellulomonas	Paraprevotella
Mesoplasma	Xenorhabdus
Escherichia	Lachnoanaerobaculum
Propionibacterium	Dermacoccus
Enterobacter	Dialister
Yersinia	Coprococcus
Fusobacterium	Collinsella
Lachnospiraceae	Capnocytophaga
Cyclobacterium	Cryptobacterium
Candidatus	Oenococcus
Streptomyces	Bacteroides
Slackia	Rheinheimera
Eubacterium	Corynebacterium
Slackia	Haemophilus
Subdoligranulum	Sodalis
Kitasatospora	Klebsiella
Neisseria	Leuconostoc
Bacteroides	Nocardia
Alistipes	Actinomyces
Bacteroides	Halorhodospira
Lactobacillus	Psychroflexus
Bacteroides	Cryptobacterium
Buchnera	Clostridium
Propionibacterium	Klebsiella
Gloeobacter	Streptococcus
Actinomyces	Moorella
Candidatus	Oscillibacter
Gemella	Hirschia
Acinetobacter	Lactococcus
Lactobacillus	unidentified
Xenorhabdus	Coprococcus
Salmonella	Sphingobacterium
Providencia	Subdoligranulum
Bartonella	Bacillus
Bacteroides	Microlunatus
Pseudoflavonifractor	Staphylococcus
Mycoplasma	Croceibacter
Lawsonia	Neisseria
Photobacterium	Eubacterium
Salinibacter	Klebsiella
Dyadobacter	Pantoea
Erwinia	Pseudoflavonifractor
Oribacterium	Propionibacterium
Ruminococcus	Staphylococcus
Macrococcus	Deinococcus
Meiothermus	Actinomyces
Brachyspira	Oenococcus
Mycoplasma	Coprobacillus
Pseudoalteromonas	Anaerotruncus
Staphylococcus	Prochlorococcus
Atopobium	Croceibacter
Photorhabdus	Pseudoflavonifractor
Nocardioides	Croceibacter
Croceibacter	Desulfobacca
Candidatus	Clostridium
Photorhabdus	Oscillibacter
Actinomyces	Microscilla
Staphylococcus	Oenococcus
Oscillibacter	Granulicatella
Atopobium	Paraprevotella
Acetivibrio	Legionella
Bifidobacterium	Fusobacterium
Ruminococcus	gamma
Lachnoanaerobaculum	Cyclobacterium
Paenibacillus	Fusobacterium
Prevotella	Kytococcus
Dethiosulfovibrio	Rheinheimera
Citrobacter	Roseiflexus
Dorea	Klebsiella
Actinobacillus	Treponema
Macrococcus	Halothermothrix
Bacillus	Prochlorococcus
Streptococcus	Paludibacter
Actinobacillus	Clostridium
Desulfurobacterium	Coprobacillus
Oxalobacter	Actinobacillus
Lactobacillus	Porphyromonas
Citrobacter	Dyadobacter
Streptococcus	Parachlamydia
Hyphomonas	Rheinheimera
Vibrio	Erysipelotrichaceae
Dialister	Klebsiella
Pediococcus	Haliscomenobacter
Nocardiopsis	Croceibacter
Tsukamurella	Croceibacter
Carboxydothermus	Fusobacterium
Renibacterium	Bacteroides
Gordonia	Bacteroides
Parachlamydia	Actinomyces
Coprococcus	Klebsiella
Streptococcus	Methylosinus
Citrobacter	Clostridium
Coprococcus	Haemophilus
Robiginitalea	Rheinheimera
Klebsiella	Sphingobacterium
Staphylococcus	Lawsonia
Neisseria	Actinomyces
Prevotella	Cellulomonas
Ruminococcaceae	Haemophilus
Bacteroides	Eremococcus
Lactobacillus	Dyadobacter
Eubacterium	Acinetobacter
Ruminococcus	Pasteurella
Butyrivibrio	Enterobacter
Oxalobacter	Neisseria
Treponema	Acinetobacter
halophilic	Croceibacter
Corynebacterium	Deinococcus
Ruminococcaceae	Enterobacter
Lactococcus	Bacillus
Akkermansia	Corynebacterium
Bifidobacterium	Zunongwangia
Dorea	Haemophilus
Sphaerochaeta	Enterobacter
Eubacterium	Prevotella
Klebsiella	Bifidobacterium
Bacteroides	Deinococcus
Gemella	Flavobacterium
Pedobacter	Ureaplasma
Oscillibacter	Dermacoccus
Haloterrigena	Croceibacter
Oscillibacter	Streptococcus
Faecalibacterium	Actinomyces
Edwardsiella	Eubacterium
Dyadobacter	Ureaplasma
Prevotella	Desulfurobacterium
Pseudonocardia	Prevotella
Sphingobacterium	Rothia
Gemella	Myxococcus
Escherichia	Weeksella
Leuconostoc	Fusobacterium
Caldicellulosiruptor	Fusobacterium
Pantoea	Prochlorococcus
Dorea	Zymomonas
Acetivibrio	Erwinia
Leeuwenhoekiella	Slackia
Streptococcus	Meiothermus
Fusobacterium	Lactobacillus
Subdoligranulum	Actinobacillus
Escherichia	Halanaerobium
Escherichia	alpha
Flavobacterium	Propionibacterium
alpha	Fusobacterium
Bacteroides	Brevibacterium
Salmonella	Janibacter
Pediococcus	unidentified
Bartonella	Enterobacter
Croceibacter	Desulfovibrio
Lactobacillus	Croceibacter
Halorhodospira	Psychroflexus
Dyadobacter	Salmonella
Atopobium	Alistipes
Tetragenococcus	Psychroflexus
Neisseria	Ruminococcus
Intrasporangium	Croceibacter
Mobiluncus	Ruegeria
Serratia	Alistipes
Citrobacter	Ruminococcaceae
Sphingobacterium	Staphylococcus
Klebsiella	Halothermothrix
Akkermansia	Shewanella
Bacteroides	Melissococcus
Dorea	Yersinia
Yersinia	Pseudoflavonifractor
Afipia	Croceibacter
Candidatus	Eubacterium
Catenulispora	Klebsiella
Opitutus	Rheinheimera
Croceibacter	Actinosynnema
Mesoplasma	Bacillus
Segniliparus	Croceibacter
Fusobacterium	Bifidobacterium
Leuconostoc	Flavobacterium
Dyadobacter	Streptococcus
Lachnoanaerobaculum	Klebsiella
Flavobacteria	Ureaplasma
Croceibacter	Brevibacillus
Escherichia	Rickettsia
Prevotella	Brevibacterium
Synechococcus	Croceibacter
Croceibacter	Rhodococcus
Ochrobactrum	Propionibacterium
Xenorhabdus	Symbiobacterium
Sanguibacter	Parabacteroides
Symbiobacterium	Shewanella
Oscillibacter	Staphylococcus
Gloeobacter	Ureaplasma
Legionella	Ruminococcus
Macrococcus	Prochlorococcus
Lactobacillus	Haliscomenobacter
Bifidobacterium	Cellulophaga
Haemophilus	Ruminococcus
Pseudoflavonifractor	Rahnella
Treponema	Candidatus
Macrococcus	Staphylococcus
Gemella	Clostridium
Rubrobacter	Klebsiella
Phenylobacterium	Bacteroides
Clostridium	Yersinia
Photorhabdus	Subdoligranulum
Oxalobacter	Xenorhabdus
Methanobrevibacter	Leeuwenhoekiella
Treponema	Salmonella
Rhodothermus	Ureaplasma
Enterobacter	Lawsonia
Citrobacter	Megasphaera
Olsenella	Croceibacter
Cellulomonas	Cyclobacterium
Gemella	Subdoligranulum
Bacteroides	Mycobacterium
Streptococcus	Hirschia
Oxalobacter	Legionella
Staphylococcus	Eubacterium
Macrococcus	Eubacterium
Myxococcus	Klebsiella
Streptococcus	Bacteroidetes
Lactococcus	Sodalis
Salmonella	Treponema
Bifidobacterium	Staphylococcus
Bacteroides	Lactococcus
Dysgonomonas	Leuconostoc
Citrobacter	Janibacter
Acetivibrio	Pantoea
Neisseria	Collinsella
Parabacteroides	Slackia
Mahella	Croceibacter
Treponema	Pectobacterium
Escherichia	Roseiflexus
Methylobacterium	Fusobacterium
Fusobacterium	Dorea
Clostridium	Vibrionales
Coprobacillus	Runella
Flavobacterium	Rheinheimera
[Bacteroides]	Fusobacterium
Xenorhabdus	Ruminococcus
Enterococcus	Bacteroides
Enterobacter	Mesoplasma
Treponema	Ureaplasma
Porphyromonas	Leuconostoc
Faecalibacterium	Pantoea
Fusobacterium	Anaerotruncus
Candidatus	Treponema
Rothia	Paludibacter
Tannerella	Streptococcus
Bacteroides	Xylanimonas
Croceibacter	Actinomyces
Salmonella	Coprococcus
unidentified	Streptococcus
Cyanobium	Prevotella
Coraliomargarita	Klebsiella
Actinomyces	Roseburia
Parabacteroides	Bacillus
Gemella	Afipia
Akkermansia	Cyclobacterium
Corynebacterium	Porphyromonas
Gemella	alpha
Akkermansia	Fusobacterium
Thermaerobacter	Gemella
Lactococcus	Acinetobacter
Ruminococcus	Dermacoccus
Lachnoanaerobaculum	Bacillus
Methanobrevibacter	Acinetobacter
Haemophilus	Clostridium
Halorhodospira	Prevotella
Macrococcus	Chlorobium
Actinomyces	Propionibacterium
Macrococcus	Natranaerobius
Caulobacter	Ureaplasma
unidentified	Actinomyces
Alkaliphilus	Bacteroides
Actinomyces	Psychroflexus
Brachybacterium	Croceibacter
Escherichia	Eubacterium
Proteus	Coprococcus
Clostridium	Waddlia
Enterobacter	Slackia
Capnocytophaga	Actinomyces
Croceibacter	Streptomyces
Dorea	Serratia
Edwardsiella	Propionibacterium
Rothia	Prevotella
Faecalibacterium	Neisseria
Slackia	Vibrio
Enterobacter	Subdoligranulum
Cyclobacterium	Methanobacterium
Pantoea	Eubacterium
Sphaerochaeta	Acinetobacter
Prevotella	Coprobacillus
Escherichia	Prevotella
Erysipelotrichaceae	Xenorhabdus
Corynebacterium	Bacteroides
Fusobacterium	Actinomyces
Bradyrhizobiaceae	Escherichia
Eubacterium	Pectobacterium
Pasteurella	Propionibacterium
Propionibacterium	Shewanella
Mannheimia	Clostridium
Fusobacterium	Ruminococcaceae
Pantoea	Alistipes
Ruminococcus	Methylophaga
Erwinia	Faecalibacterium
Acetivibrio	Salmonella
Capnocytophaga	Streptococcus
Ruminococcus	Leifsonia
Croceibacter	Brevundimonas
Bacillus	Coprococcus
Citrobacter	Propionibacterium
Coriobacterium	Capnocytophaga
Gemella	Eubacterium
Desulfobacca	Acinetobacter
Neisseria	Bacillus
Cyclobacterium	[Cellvibrio]
Acetivibrio	Serratia
Gemella	Rhodobacteraceae
Pediococcus	Alistipes
Bacteroides	Thermobispora
Coraliomargarita	Streptococcus
Corynebacterium	Klebsiella
Pedobacter	Actinomyces
Ilyobacter	Clostridium
Psychroflexus	Xylanimonas
Dorea	Aggregatibacter
Eubacterium	Baumannia
Klebsiella	Lysinibacillus
Gemella	Prevotella
Lawsonia	Pasteurella
Croceibacter	Pelagibacterium
Fusobacterium	Carboxydothermus
Onion	Klebsiella
Bacteroides	Tsukamurella
Clostridium	Leptotrichia
Xenorhabdus	Megasphaera
Citrobacter	Prochlorococcus
Roseiflexus	Ureaplasma
Micrococcus	Eubacterium
Scardovia	Bacteroides
Macrococcus	Alistipes
Sulfurimonas	Ureaplasma
Lawsonia	Pantoea
Faecalibacterium	Bacillus
Actinomyces	[Bacteroides]
Edwardsiella	Alistipes
Actinomyces	Eubacterium
Croceibacter	Desulfococcus
Ilyobacter	Ruminococcus
Acinetobacter	Eubacterium
Propionibacterium	Enterobacter
Faecalibacterium	Dermacoccus
Actinomyces	Fluviicola
Croceibacter	Salinispora
Escherichia	Caldicellulosiruptor
Tetragenococcus	Bacteroides
Gemella	Gloeobacter
Citrobacter	Oscillibacter
Escherichia	Lawsonia
Clostridium	Mannheimia
Lawsonia	Veillonella
Anaerotruncus	Pseudoalteromonas
Mycobacterium	Croceibacter
Lachnoanaerobaculum	Prevotella
Bacteroides	Eubacterium
Clostridium	Croceibacter
Akkermansia	Gemella
Neisseria	Coprococcus
Roseburia	Actinomyces
Micromonospora	Croceibacter
Coprococcus	Citrobacter
Cyclobacterium	Mobiluncus
Myxococcus	Shewanella
Brevibacterium	Paraprevotella
Cyclobacterium	Candidatus
Actinomyces	Algoriphagus
Ornithinibacillus	Croceibacter
Actinomyces	Eubacterium
Eubacterium	Sodalis
Lactobacillus	Eubacterium
Rhodobacter	Propionibacterium
Cyclobacterium	Corynebacterium
Eubacterium	Staphylococcus
Croceibacter	Treponema
Prevotella	Mobiluncus
Citrobacter	Myxococcus
Croceibacter	alpha
Listeria	Bacteroidetes
Runella	Fusobacterium
Kineococcus	Bacteroides
Neisseria	Lawsonia
Proteus	Oscillibacter
Prevotella	Corynebacterium
Bradyrhizobium	Bacteroides
Clostridium	Haemophilus
Porphyromonas	Ruminococcus
Pseudoflavonifractor	Dermacoccus
Haloplasma	Bacteroides
Lactobacillus	Prochlorococcus
Eubacterium	Micrococcus
Lawsonia	Sodalis
Waddlia	Leuconostoc
Cyclobacterium	Atopobium
Croceibacter	Azospirillum
Weeksella	Salmonella
Cellvibrio	Croceibacter
Bartonella	Prevotella
Sanguibacter	Bacteroides
Flexistipes	Ureaplasma
Polaribacter	Ureaplasma
Bacteroides	Collinsella
Clostridium	Megasphaera
Coprococcus	Pectobacterium
Prevotella	Streptococcus
Legionella	Lawsonia
Dialister	Corynebacterium
Enterobacter	Flavobacterium
Akkermansia	Providencia
Streptococcus	Waddlia
Cyclobacterium	Stackebrandtia
Shewanella	Treponema
Pasteurella	Megasphaera
Sulfobacillus	Croceibacter
Croceibacter	Halorhodospira
Weissella	Croceibacter
Lactobacillus	Cyclobacterium
Actinomyces	Leeuwenhoekiella
Macrococcus	Rubrobacter
Methanobrevibacter	Fusobacterium
Pelagibaca	Staphylococcus
Myxococcus	Rheinheimera
Providencia	Alistipes
Prevotella	Anaerofustis
Scardovia	Cellulophaga
Prevotella	Dehalococcoides
Escherichia	Symbiobacterium
Streptococcus	Flavobacterium
Neisseria	Oenococcus
Clostridium	Capnocytophaga
Bacillus	Propionibacterium
Mycoplasma	Escherichia
Lachnospiraceae	Haemophilus
[Bacteroides]	Neisseria
Klebsiella	Methylosinus
Staphylococcus	Croceibacter
Oxalobacter	Pseudoalteromonas
Deinococcus	Staphylococcus
Clostridium	Haliscomenobacter
Xenorhabdus	Deinococcus
Salmonella	Eubacterium
Ruminococcus	Erwinia
Eubacterium	Pasteurella
Caulobacter	Gemella
Candidatus	Megasphaera
Cyclobacterium	Nautilia
Lawsonia	Granulicatella
Eubacterium	Rheinheimera
Citrobacter	Prevotella
Slackia	Shewanella
Bacteroides	Tropheryma
Arcobacter	Croceibacter
Dorea	Mannheimia
Enterobacter	Flexistipes
Pseudoalteromonas	Blautia
Enterobacter	Oenococcus
Coprococcus	Prevotella
Croceibacter	Gluconacetobacter
Cyclobacterium	Lactobacillus
Enterobacter	Deinococcus
Erwinia	Dyadobacter
Citrobacter	Moorella
Sphingobacterium	Streptococcus
Clostridium	Pantoea
Erwinia	Alistipes
Verrucomicrobiae	Psychroflexus
Cellulophaga	Eubacterium
Enterobacter	Halanaerobium
Sinorhizobium	Croceibacter
Gluconacetobacter	Rheinheimera
Salmonella	Desulfobacca
Subdoligranulum	Bacillus
Porphyromonas	Actinomyces
Lachnoanaerobaculum	Fusobacterium
Erwinia	Ruminococcaceae
Streptococcus	Gloeobacter
Faecalibacterium	Corynebacterium
Prevotella	Methanobrevibacter
Cellulomonas	Croceibacter
Citrobacter	Coprococcus
Rickettsia	Enterobacter
Ruminococcaceae	Mannheimia
Gloeobacter	Rheinheimera
Dorea	Photorhabdus
Erwinia	Acetivibrio
Fusobacterium	Clostridium
Parabacteroides	Streptococcus
Actinomyces	Prevotella
Dyadobacter	Legionella
Klebsiella	Geobacillus
Akkermansia	Mannheimia
Leuconostoc	Paludibacter
Slackia	Staphylococcus
Enterobacter	Candidatus
Roseburia	Haemophilus
Synechococcus	Staphylococcus
Cyclobacterium	Methanobrevibacter
Psychrobacter	Clostridium
Gemella	Bartonella
Pseudomonas	Clostridium
Moritella	Eubacterium
Salmonella	Dyadobacter
Prevotella	Desulfosporosinus
Croceibacter	Haloferax
Escherichia	Rhodothermus
Zunongwangia	Eggerthella
Exiguobacterium	Bacteroides
Kingella	Ruminococcus
Haliscomenobacter	Ruminococcus
Coprococcus	Yersinia
Coprococcus	Enterobacter
Psychroflexus	Leuconostoc
Cyclobacterium	Olsenella
Moorella	Coprobacillus
Klebsiella	Kytococcus
Mannheimia	Blautia
Marvinbryantia	Fusobacterium
Macrococcus	Fluviicola
Actinomyces	Clostridium
Oceanimonas	Eubacterium
Lactobacillus	Lawsonia
Oscillibacter	Pectobacterium
Scardovia	Alistipes
unidentified	Lactobacillus
Ilyobacter	Collinsella
Alistipes	Megasphaera
Enterobacter	Sphingobacterium
Eubacterium	Marinomonas
Cyclobacterium	Collinsella
Escherichia	Kineococcus
Fusobacterium	Cryptobacterium
Erysipelothrix	Neisseria
Flexistipes	Acinetobacter
Escherichia	Bartonella
Corynebacterium	Lactococcus
Gluconacetobacter	Croceibacter
Cyclobacterium	Thermomonospora
Enterobacter	Caldicellulosiruptor
Actinomyces	Bacteroides
Sphaerochaeta	Klebsiella
Clostridium	Pectobacterium
Cyclobacterium	Epulopiscium
Helicobacter	Eubacterium
Methanosphaera	Prevotella
Butyrivibrio	Providencia
Croceibacter	Ruminococcus
Dysgonomonas	Eubacterium
Bifidobacterium	Prevotella
Cyclobacterium	Aeromicrobium
Actinomyces	Cytophaga
Symbiobacterium	Acinetobacter
Paraprevotella	Cryptobacterium
Rahnella	Eubacterium
Enterococcus	Sphingobacterium
Sulfurihydrogenibium	Croceibacter
Xenorhabdus	Eubacterium
Cytophaga	Actinomyces
Carnobacterium	Prevotella
Citrobacter	Desulfosporosinus
Ruminococcus	Aeromonas
Opitutus	Streptococcus
Lachnospiraceae	Fusobacterium
Providencia	Slackia
Escherichia	Robiginitalea
Neisseria	Olsenella
Lactococcus	Plautia
Salmonella	Candidatus
Clostridium	Providencia
Escherichia	Pelagibaca
Croceibacter	Nitratifractor
Corynebacterium	Oscillibacter
Actinobacillus	Alistipes
Veillonella	Alistipes
Prevotella	Pediococcus
Bacteroides	Streptococcus
Croceibacter	Parvimonas
Akkermansia	Megasphaera
Croceibacter	Shewanella
Corynebacterium	Dyadobacter
Acetohalobium	Klebsiella
Slackia	Acinetobacter
Bacteroides	Alicyclobacillus
Streptococcus	Capnocytophaga
Moorea	Rheinheimera
Pediococcus	Bacteroidetes
Escherichia	Acidiphilium
Acetivibrio	Xenorhabdus
Akkermansia	Pantoea
Citrobacter	Alistipes
Vibrio	Propionibacterium
Desulfosporosinus	Acinetobacter
Parabacteroides	Rothia
Lawsonia	Enterobacter
Macrococcus	Hirschia
Streptococcus	Microscilla
Citrobacter	Mycoplasma
Faecalibacterium	Dickeya
Serratia	Ruminococcus
Fusobacterium	alpha
Klebsiella	Oenococcus
Bacteroides	Isoptericola
Listeria	Flavobacterium
Escherichia	Opitutus
Rickettsia	Citrobacter
Marvinbryantia	Neisseria
Thiomicrospira	Eubacterium
Paludibacter	Streptococcus
Leuconostoc	Cellulophaga
Prevotella	Nakamurella
Actinomyces	Waddlia
Macrococcus	Kytococcus
Rothia	Haliscomenobacter
Nakamurella	Prevotella
Rheinheimera	Propionibacterium
Akkermansia	Veillonella
Ruminococcus	Psychrobacter
Shewanella	Erysipelotrichaceae
Fusobacterium	Erysipelotrichaceae
Shewanella	Oenococcus
Ochrobactrum	Brevibacterium
Clostridium	Bacteroides
Deinococcus	Acinetobacter
Pectobacterium	Eubacterium
Deinococcus	Fusobacterium
Croceibacter	Rhodopseudomonas
Salmonella	Faecalibacterium
Fusobacterium	Anaerofustis
Amycolatopsis	Prevotella
Rickettsia	Lactobacillus
Photorhabdus	Deinococcus
Bacillus	Moorella
Macrococcus	Terriglobus
Flexistipes	Bacillus
Shewanella	Alistipes
Gemella	Azospirillum
Gemella	Opitutus
Citrobacter	Symbiobacterium
Dorea	Rheinheimera
Flavobacterium	Leuconostoc
Oxalobacter	Citrobacter
Cyclobacterium	Brachybacterium
Mycobacterium	Klebsiella
Bartonella	Acinetobacter
Enterobacter	Natranaerobius
Cellulophaga	Actinomyces
Dorea	Pasteurella
Methanobrevibacter	Dysgonomonas
Streptococcus	Psychroflexus
Eubacterium	Ralstonia
Owenweeksia	Actinomyces
Shewanella	Lawsonia
Klebsiella	Candidatus
Fusobacterium	Oenococcus
Citrobacter	Roseobacter
Pediococcus	Leeuwenhoekiella
Microscilla	Lactobacillus
Fusobacterium	Listeria
Ruminococcus	Pectobacterium
Taylorella	Actinomyces
Akkermansia	Aggregatibacter
Actinomyces	Ruminococcus
Clostridium	Acinetobacter
Escherichia	Sphaerochaeta
Paenibacillus	Alistipes
Lactobacillus	Pedobacter
Capnocytophaga	Bifidobacterium
Cronobacter	Dyadobacter
Ruminococcus	Vibrio
Croceibacter	Sagittula
Dyadobacter	Bacillus
Paludibacter	Lactobacillus
Pseudoflavonifractor	Actinomyces
Treponema	Legionella
Eubacterium	Vibrio
Croceibacter	Geobacillus
Vibrio	Oenococcus
Eubacterium	Photobacterium
Providencia	Ruminococcus
Acetivibrio	Neisseria
Prevotella	Bacillus
Salmonella	Prevotella
Pectobacterium	Acetivibrio
Actinomyces	Cellulophaga
Pantoea	Moorella
Neisseria	Holdemania
Bacillus	Croceibacter
Photorhabdus	Caldicellulosiruptor
Lactococcus	Pectobacterium
Eubacterium	Plautia
Eubacterium	Pantoea
Salmonella	Lawsonia
Streptococcus	Alistipes
Catenulispora	Staphylococcus
Cyclobacterium	Coriobacterium
Neisseria	Clostridium
Cyclobacterium	Catenulispora
Escherichia	Spirosoma
Streptosporangium	Cyclobacterium
Vibrio	Megasphaera
Mycoplasma	Fusobacterium
Listeria	Klebsiella
Gemella	Mycoplasma
Bacillus	Janibacter
Propionibacterium	Lactobacillus
Akkermansia	Zymomonas
Streptococcus	Dysgonomonas
Vibrio	Lactococcus
Ruminococcus	Proteus
Corynebacterium	Psychroflexus
Macrococcus	alpha
Oxalobacter	Shewanella
Enterobacter	Roseobacter
Sphaerochaeta	Rheinheimera
Pseudonocardia	Croceibacter
Actinomyces	Oscillibacter
[Cellvibrio]	Croceibacter
Macrococcus	Slackia
Leuconostoc	Meiothermus
Actinomyces	Bacteroidetes
Macrococcus	Runella
Lachnospiraceae	Pseudoalteromonas
Macrococcus	Thermotoga
Escherichia	Cytophaga
Marinomonas	Clostridium
Enterobacter	Weeksella
Clostridium	Ralstonia
Paraprevotella	Kocuria
Rothia	Porphyromonas
Cyclobacterium	Beutenbergia
Myxococcus	Ureaplasma
Staphylococcus	Eubacterium
Thermosynechococcus	Ureaplasma
Photorhabdus	Eubacterium
Photorhabdus	Acetivibrio
Parascardovia	Leeuwenhoekiella
Croceibacter	Aerococcus
Subdoligranulum	Mannheimia
Pasteurella	Coprococcus
Rothia	Leeuwenhoekiella
Croceibacter	Kyrpidia
Weeksella	Rheinheimera
Lactococcus	Shewanella
Capnocytophaga	Lactobacillus
Oenococcus	Prevotella
Ruminococcus	Prevotella
Burkholderia	Actinomyces
Haliscomenobacter	Slackia
Bartonella	Salmonella
Actinomyces	Owenweeksia
Azospirillum	Citrobacter
Granulicella	Croceibacter
Klebsiella	Gordonia
Alkaliphilus	Psychroflexus
Serratia	Propionibacterium
Cronobacter	Lawsonia
Bacillus	Alistipes
Clostridium	Bacillus
Tannerella	Propionibacterium
Cyclobacterium	Leuconostoc
Oceanobacillus	Bacteroides
Gemella	Odoribacter
Actinomyces	Capnocytophaga
Bartonella	Rheinheimera
Acinetobacter	Clostridium
Lactobacillus	Dysgonomonas
Ruminococcus	Capnocytophaga
Cyclobacterium	Micromonospora
Erwinia	Oscillibacter
Oxalobacter	Enterobacter
Subdoligranulum	Haemophilus
Mesoplasma	Fusobacterium
Actinomyces	Psychrobacter
Prevotella	Arthrobacter
Candidatus	Lawsonia
Cronobacter	Ruminococcus
Bacteroides	Aerococcus
Croceibacter	Saccharopolyspora
Eubacterium	Neisseria
Actinomyces	Coraliomargarita
Bacillus	Prevotella
Rahnella	Coprococcus
Fusobacterium	Alicyclobacillus
Streptococcus	Cellulophaga
Croceibacter	Mesorhizobium
Enterobacter	Mycoplasma
Peptoniphilus	Bacteroides
Croceibacter	Brevibacterium
Cyclobacterium	Kocuria
Dorea	Capnocytophaga
Cronobacter	Slackia
Pseudoflavonifractor	Providencia
Prevotella	Rothia
Streptococcus	Coraliomargarita
Lawsonia	Erwinia
Capnocytophaga	Oenococcus
Fusobacterium	Corynebacterium
Yersinia	Oscillibacter
Haliscomenobacter	Actinomyces
Propionibacterium	Acinetobacter
Clostridium	Legionella
Candidatus	Lactobacillus
[Cellvibrio]	Prevotella
Mannheimia	Eubacterium
Bacteroidetes	Leuconostoc
Lactobacillus	Ruminococcus
Eubacterium	Erwinia
Subdoligranulum	Staphylococcus
Zymomonas	Eubacterium
Eubacterium	Serratia
Mesoplasma	Lactobacillus
Psychroflexus	Methanobacterium
Desulfosporosinus	Pasteurella
Bacteroides	Methanobrevibacter
Coprococcus	Capnocytophaga
Pectobacterium	Pseudoflavonifractor
Zymomonas	Ruminococcus
Azorhizobium	Croceibacter
Acidobacterium	Klebsiella
Bacteroides	Methanosphaera
Acetivibrio	Actinomyces
Pediococcus	Prevotella
Escherichia	Neorickettsia
Gemella	Pedobacter
Pseudoflavonifractor	Escherichia
Oscillibacter	Vibrio
Rickettsia	Klebsiella
Candidatus	Listeria
Capnocytophaga	Coprococcus
Escherichia	Blattabacterium
Lactobacillus	Flavobacterium
Lactococcus	Rheinheimera
Bifidobacterium	Meiothermus
Klebsiella	Verrucosispora
Dorea	Proteus
Candidatus	Propionibacterium
Leuconostoc	Capnocytophaga
Parabacteroides	Beutenbergia
Leuconostoc	Candidatus
Cyclobacterium	Sanguibacter
Bacillus	Faecalibacterium
Salmonella	Flexistipes
Moorella	Salmonella
Methanobacterium	Staphylococcus
Faecalibacterium	Pseudomonas
Lactobacillus	Alistipes
Leuconostoc	Haliscomenobacter
Ochrobactrum	Actinomyces
Lactobacillus	Desulfovibrio
Actinomyces	Faecalibacterium
Streptococcus	Polaribacter
Bacteroides	Scardovia
Eubacterium	Aggregatibacter
Atopobium	Odoribacter
Enterobacter	Kineococcus
Lawsonia	Xenorhabdus
Klebsiella	Corynebacterium
Dickeya	Eubacterium
Flavobacteria	Lactobacillus
Maritimibacter	Croceibacter
Desulfosporosinus	Rheinheimera
Lactococcus	Pseudoalteromonas
Prevotella	Streptomyces
Edwardsiella	Clostridium
Listeria	Bacteroides
Escherichia	Synechococcus
Dialister	Acidaminococcus
Anaeromyxobacter	Croceibacter
Dyadobacter	Citrobacter
Bacteroides	Parascardovia
Bacteroides	Mobiluncus
Ruminococcaceae	Rheinheimera
Bacteroides	Cellulomonas
Arthrobacter	Prevotella
Rothia	Odoribacter
Dickeya	Alistipes
Escherichia	Fluviicola
Lactobacillus	Cytophaga
Subdoligranulum	Pasteurella
Actinomyces	Paludibacter
Dialister	Rheinheimera
Porphyromonas	Rothia
Methanobrevibacter	Parabacteroides
Halorhodospira	Bacteroides
Capnocytophaga	Cryptobacterium
Enterobacter	Methylosinus
Prochlorococcus	Staphylococcus
Croceibacter	Oenococcus
Cyclobacterium	Coprococcus
Hyphomicrobium	Ureaplasma
Bacteroides	Actinosynnema
Treponema	Xenorhabdus
Dorea	Pectobacterium
Croceibacter	Deinococcus
Actinobacillus	Blautia
Lawsonia	Fusobacterium
Marinomonas	Propionibacterium
Prevotella	Chthoniobacter
Macrococcus	Roseiflexus
Lactobacillus	Candidatus
Alistipes	Neisseria
Faecalibacterium	Legionella
Ruminococcaceae	Vibrio
Methanosaeta	Prevotella
Escherichia	Subdoligranulum
Coprococcus	Actinobacillus
Clostridium	Pseudoalteromonas
Akkermansia	Vibrio
Bradyrhizobiaceae	Rheinheimera
Alistipes	Vibrio
Tannerella	Oenococcus
Citrobacter	Deinococcus
Vibrio	Collinsella
Actinobacillus	Erysipelotrichaceae
Megasphaera	Shewanella
Croceibacter	Thermobifida
Clostridium	Photobacterium
Moorella	Shewanella
Jonquetella	Fusobacterium
Citrobacter	Flexistipes
Corynebacterium	Rheinheimera
Alistipes	Enterococcus
Providencia	Lactococcus
Shewanella	Deinococcus
Sphingobacterium	Salmonella
Acidobacterium	Croceibacter
Lactobacillus	Roseburia
Caldicellulosiruptor	Klebsiella
Akkermansia	Pasteurella
Croceibacter	Nocardia
Pseudoflavonifractor	Pantoea
Croceibacter	Nakamurella
Intrasporangium	Cyclobacterium
Croceibacter	Desulfatibacillum
Escherichia	Geobacillus
Spirosoma	Rheinheimera
Candidatus	Eubacterium
Corynebacterium	Cyclobacterium
Actinobacillus	Slackia
Yersinia	Deinococcus
Cyclobacterium	Parvimonas
Porphyromonas	Streptococcus
Rheinheimera	Jonquetella
Macrococcus	Methylosinus
Coprococcus	Dermacoccus
Enterobacter	Eubacterium
Rahnella	Clostridium
Lachnoanaerobaculum	Shewanella
Pediococcus	Capnocytophaga
Leuconostoc	Paraprevotella
Prevotella	Lactobacillus
Desulfitobacterium	Klebsiella
Croceibacter	Desulfobulbus
Erysipelotrichaceae	Mannheimia
Enterobacter	Ruminococcus
Leuconostoc	Croceibacter
Marinobacter	Eubacterium
Clostridium	Rahnella
Photorhabdus	Desulfosporosinus
Cellulophaga	Clostridium
Acinetobacter	Coprococcus
Erysipelotrichaceae	Fusobacterium
Salmonella	Desulfovibrio
Olsenella	Psychroflexus
Croceibacter	Thermoanaerobacterium
Salmonella	Alistipes
Kocuria	Bacteroides
Bradyrhizobiaceae	Klebsiella
Pseudoflavonifractor	Candidatus
Leeuwenhoekiella	Streptococcus
Coprococcus	Fusobacterium
Erwinia	Clostridium
Coprococcus	Acinetobacter
Cyclobacterium	Dialister
Oscillibacter	Neisseria
Sphaerochaeta	Croceibacter
Vibrio	Slackia
Pectobacterium	Coprococcus
Fusobacterium	Bartonella
Dorea	Neisseria
Citrobacter	Bartonella
Dorea	Leptotrichia
Streptomyces	Croceibacter
Croceibacter	Cyanothece
Cardiobacterium	Ruminococcus
Desulfurobacterium	Acinetobacter
Cyclobacterium	Tetragenococcus
Bacteroides	Gordonia
Sphaerochaeta	Coprobacillus
Rickettsia	Ureaplasma
Dyadobacter	Shewanella
Rheinheimera	Flavobacteria
Clostridium	Rheinheimera
Eubacterium	Grimontia
Melissococcus	Bacteroides
Frankia	Klebsiella
Lachnoanaerobaculum	Enterobacter
Eubacterium	Dermacoccus
Oenococcus	Acinetobacter
Bartonella	Shewanella
Candidatus	Bacteroides
Propionibacterium	Corynebacterium
Tolumonas	Ruminococcus
Haemophilus	Eubacterium
Sodalis	Eubacterium
Prevotella	Geodermatophilus
Halanaerobium	Ureaplasma
Lactococcus	Leeuwenhoekiella
Mesoplasma	Rheinheimera
Acidiphilium	Fusobacterium
Pseudoflavonifractor	Pasteurella
Pseudoflavonifractor	Ureaplasma
Leuconostoc	Bacteroides
Blattabacterium	Ureaplasma
Gemella	Deinococcus
Shewanella	Megasphaera
Flavobacteria	Klebsiella
Bartonella	Fusobacterium
Croceibacter	Finegoldia
Klebsiella	Capnocytophaga
Methanobacterium	Bacteroides
Catenulispora	Fusobacterium
Starkeya	Prevotella
Cyclobacterium	Kytococcus
Porphyromonas	Peptoniphilus
Actinobacillus	Eubacterium
Faecalibacterium	Proteus
Methanobrevibacter	Neisseria
Prosthecochloris	Actinomyces
Escherichia	Lactococcus
Streptococcus	Leeuwenhoekiella
Slackia	Bacteroides
Enterobacter	Symbiobacterium
Eggerthella	Maribacter
Streptomyces	Porphyromonas
Coriobacterium	Croceibacter
Macrococcus	Frankia
Escherichia	Moorella
Gemella	Gluconacetobacter
Thermaerobacter	Croceibacter
Pseudoflavonifractor	Yersinia
Ochrobactrum	Marinomonas
Dyadobacter	Enterobacter
Lactococcus	Dermacoccus
Klebsiella	Ruminococcaceae
Dorea	Bacteroidetes
Coriobacterium	Staphylococcus
Sphaerochaeta	Ureaplasma
Salmonella	Bartonella
Akkermansia	Streptococcus
Gemella	Salinibacter
Cronobacter	Lactococcus
Nostoc	Ureaplasma
Buchnera	Lactococcus
Cyclobacterium	Bartonella
Corynebacterium	Paraprevotella
Lachnospiraceae	Mannheimia
Cyclobacterium	Oenococcus
Edwardsiella	Lactococcus
Mobiluncus	Bacteroides
Shewanella	Ruminococcaceae
Enterobacter	Erysipelotrichaceae
Cyclobacterium	Cellulomonas
Erysipelotrichaceae	Shewanella
Neisseria	Anaeromyxobacter
Clostridium	Colwellia
Cyclobacterium	Gardnerella
Veillonella	Clostridium
Thermomonospora	Bacteroides
Pseudoflavonifractor	Proteus
Pseudonocardia	Bacteroides
Coraliomargarita	Enterobacter
Bacteroides	Propionibacterium
Hyphomonas	Enterobacter
Porphyromonas	Parascardovia
Yersinia	Clostridium
Acetivibrio	Klebsiella
Clostridium	Bacteroidetes
Oenococcus	Rheinheimera
Erwinia	Slackia
Macrococcus	Janibacter
Scardovia	Cyclobacterium
Nocardiopsis	Prevotella
Faecalibacterium	Yersinia
Aeromicrobium	Prevotella
Dorea	Legionella
Cyclobacterium	Nakamurella
Clostridium	Fusobacterium
Yersinia	Dyadobacter
Enterobacter	Alistipes
Capnocytophaga	Lactococcus
Neisseria	Lactobacillus
Bordetella	Croceibacter
Clostridium	Photorhabdus
Macrococcus	Bradyrhizobiaceae
Macrococcus	Collinsella
Cyclobacterium	Desulfurobacterium
Shewanella	Eubacterium
Cyclobacterium	Ruminococcus
Polaribacter	Lactobacillus
Macrococcus	Moorea
Erwinia	Eubacterium
Bacteroides	Carnobacterium
Fluviicola	Rheinheimera
Enterobacter	Flavobacteria
Mobiluncus	Hirschia
Erythrobacter	Fusobacterium
Macrococcus	Symbiobacterium
Streptococcus	Runella
Haemophilus	Cryptobacterium
Prochlorococcus	Acinetobacter
Grimontia	Alistipes
Moorella	Rheinheimera
Macrococcus	Streptomyces
Streptococcus	Croceibacter
Actinobacillus	Ruminococcus
Raphidiopsis	Alistipes
Erwinia	Treponema
Thermaerobacter	Ureaplasma
Bacteroides	Weissella
Klebsiella	Eubacterium
Roseobacter	Staphylococcus
Pediococcus	Paraprevotella
Enterobacter	Desulfosporosinus
Butyrivibrio	Acinetobacter
Prevotella	Slackia
Photorhabdus	Treponema
Faecalibacterium	Xenorhabdus
Fusobacterium	Pseudoflavonifractor
Bradyrhizobiaceae	Gemella
Croceibacter	Corynebacterium
Ruminococcus	Neisseria
Scardovia	Croceibacter
Akkermansia	Acinetobacter
Ethanoligenens	Fusobacterium
Prevotella	Brachybacterium
Croceibacter	Roseobacter
Ruminococcaceae	Acinetobacter
Eubacterium	Candidatus
Subdoligranulum	Pectobacterium
Candidatus	Streptococcus
Escherichia	Oscillibacter
Lawsonia	Shewanella
Pseudoflavonifractor	Edwardsiella
Gemella	Roseiflexus
Yersinia	Ruminococcus
Klebsiella	Roseobacter
Subdoligranulum	Corynebacterium
Methanobacterium	Streptococcus
Porphyromonas	Slackia
Croceibacter	Parascardovia
Enterobacter	Janibacter
Cyclobacterium	Brevibacterium
Fusobacterium	Deinococcus
Actinomyces	unidentified
Nakamurella	Bacteroides
Roseburia	Photorhabdus
Desulfotomaculum	Psychroflexus
Dorea	Pantoea
Lactobacillus	Meiothermus
Enterobacter	Eubacterium
Olsenella	Prevotella
Pseudoflavonifractor	Xenorhabdus
Propionibacterium	Citrobacter
Enterobacter	Pelagibaca
Escherichia	Slackia
Bacteroides	Micromonospora
Haemophilus	Lachnospiraceae
Neisseria	Pediococcus
Bacteroides	Oenococcus
Enterobacter	Megasphaera
Pediococcus	Bacteroides
Lactococcus	Prevotella
Corynebacterium	Croceibacter
Croceibacter	Clostridium
Yersinia	Flexistipes
Ruminococcus	Meiothermus
Bacillus	Fusobacterium
Subdoligranulum	Acinetobacter
Clostridium	Erwinia
Mesoplasma	Escherichia
Clostridium	Serratia
Streptomyces	Flavobacterium
Mobiluncus	Fluviicola
Waddlia	Lactobacillus
Rothia	Paraprevotella
Methylosinus	Ureaplasma
Propionibacterium	Dickeya
Ruminococcus	Salmonella
Subdoligranulum	Rahnella
Lawsonia	Haemophilus
Macrococcus	Polaribacter
Bacteroides	Beutenbergia
Escherichia	Isoptericola
Scardovia	Leeuwenhoekiella
Photorhabdus	Dyadobacter
Enterobacter	Moorella
Staphylococcus	Alistipes
Lawsonia	Staphylococcus
Erwinia	Propionibacterium
Corynebacterium	Roseburia
Ruminococcus	Aggregatibacter
Lawsonia	Megasphaera
Flavobacterium	Actinomyces
Cyanobium	Croceibacter
Citrobacter	Oenococcus
Cyclobacterium	Peptoniphilus
Enterobacter	Ruminococcaceae
Klebsiella	Mycoplasma
Eubacterium	Lactobacillus
Eubacterium	Rheinheimera
Nocardioidaceae	Croceibacter
Gemella	Eubacterium
Coraliomargarita	Ureaplasma
Clostridium	Rhodobacter
Dialister	Pseudoalteromonas
Amycolatopsis	Croceibacter
Sanguibacter	Prevotella
Subdoligranulum	Erwinia
Mobiluncus	Croceibacter
Cyclobacterium	Carnobacterium
Yersinia	Acetivibrio
Flavobacteria	Escherichia
Bacteroides	Mycoplasma
Methanobrevibacter	Flavobacterium
Macrococcus	Dyadobacter
Providencia	Lawsonia
Ruminococcus	Haemophilus
Pediococcus	Odoribacter
Bacteroides	Nakamurella
Klebsiella	Nautilia
Pseudoflavonifractor	Vibrio
Clostridium	Candidatus
Frankia	Croceibacter
Propionibacterium	Pseudomonas
Prevotella	Micromonospora
Sphingobacterium	Actinomyces
Lachnospiraceae	Kingella
Nocardioidaceae	Bacteroides
Cyclobacterium	Arthrobacter
Escherichia	Streptomyces
Pasteurella	Oscillibacter
Psychroflexus	Actinosynnema
Prevotella	Isoptericola
Clostridium	Dermacoccus
Staphylococcus	Ruminococcus
Gemella	Ruminococcaceae
Eggerthella	Leptotrichia
Turicibacter	Acinetobacter
Hirschia	Actinomyces
Cyclobacterium	Bordetella
Fusobacterium	Megasphaera
Corynebacterium	Prevotella
Isoptericola	Prevotella
Bartonella	Citrobacter
Escherichia	Hyphomonas
Gemella	Bradyrhizobium
Klebsiella	Saccharopolyspora
Croceibacter	Pelobacter
Oenococcus	Staphylococcus
Corynebacterium	Clostridium
Bacteroides	Leuconostoc
Cronobacter	Treponema
Neisseria	Propionibacterium
Dyadobacter	Lactobacillus
Corynebacterium	Moorella
Flexistipes	Lactobacillus
Sphingobacterium	Dermacoccus
Escherichia	Methanosaeta
Prochlorococcus	Rheinheimera
Akkermansia	Erwinia
Cupriavidus	Eggerthella
Croceibacter	Epulopiscium
Lactococcus	Corynebacterium
Propionibacterium	Pseudoalteromonas
Dorea	Dermacoccus
Butyrivibrio	Erwinia
Faecalibacterium	Vibrio
Gemella	Lawsonia
Croceibacter	Stackebrandtia
Fusobacterium	Clostridiales
Mobiluncus	Klebsiella
Dialister	Pasteurella
Ruminococcus	Porphyromonas
Prevotella	Frankia
Thermodesulfatator	Eggerthella
Methanosphaera	Flavobacterium
Macrococcus	Flavobacterium
Gemella	Runella
Treponema	Pasteurella
Salinisphaera	Croceibacter
Prevotella	Mycobacterium
Treponema	Rheinheimera
Dorea	gamma
Leeuwenhoekiella	Bifidobacterium
Enterobacter	Dyadobacter
Gemella	Alistipes
Desulfobacca	Ureaplasma
Cyclobacterium	Frankia
Oscillibacter	Ureaplasma
Alistipes	Haemophilus
Enterobacter	Oscillibacter
Eubacterium	Shewanella
Providencia	Pseudoflavonifractor
Lawsonia	Dickeya
Ruminococcus	Oceanicola
Croceibacter	Carnobacterium
Beutenbergia	Croceibacter
Tannerella	Ruminococcus
Aggregatibacter	Megasphaera
Anaerofustis	Pasteurella
Desulfosporosinus	Fusobacterium
Prevotella	Bifidobacterium
Methanobrevibacter	Psychroflexus
Megasphaera	Fusobacterium
Croceibacter	Actinoplanes
Enterobacter	Roseiflexus
Actinomyces	Prosthecochloris
Escherichia	Caulobacter
Cellulomonas	Leeuwenhoekiella
Escherichia	Mesoplasma
Peptostreptococcus	Alistipes
Croceibacter	Staphylococcus
Psychroflexus	Oenococcus
Sphingobacterium	Enterobacter
Escherichia	Roseburia
Capnocytophaga	Dorea
Ruminococcus	Bacteroides
Parabacteroides	Propionibacterium
Mucilaginibacter	Ureaplasma
Pseudoalteromonas	Clostridium
Salmonella	Moorella
Bartonella	Staphylococcus
Croceibacter	Aurantimonas
Salmonella	Eubacterium
Caldicellulosiruptor	Enterobacter
Enterobacter	Dethiosulfovibrio
Lactobacillus	Clostridium
Escherichia	Jonquetella
Eubacterium	Dickeya
Weeksella	Bacillus
Escherichia	Prochlorococcus
Pseudoflavonifractor	Haemophilus
Enterobacter	Propionibacterium
Treponema	Mannheimia
Dorea	Ilyobacter
Lactococcus	Psychroflexus
Macrococcus	Hyphomicrobium
Thermaerobacter	Citrobacter
Amycolatopsis	Parabacteroides
Macrococcus	Candidatus
Pantoea	Slackia
Desulfurobacterium	Fusobacterium
Prevotella	Rhodomicrobium
Prevotella	Coprococcus
Sphaerochaeta	Fusobacterium
Prevotella	alpha
Micrococcus	Alistipes
Haliscomenobacter	Propionibacterium
Croceibacter	Arthrobacter
Bordetella	Prevotella
Mycoplasma	Rheinheimera
Croceibacter	Cellulomonas
Waddlia	Ureaplasma
Butyrivibrio	Fusobacterium
Staphylococcus	Gloeobacter
Erwinia	Lawsonia
Pseudoflavonifractor	Lactobacillus
Paludibacter	Actinomyces
Parabacteroides	Arthrobacter
Actinomyces	Runella
Psychromonas	Eubacterium
Ruminococcaceae	Pantoea
Candidatus	Lactococcus
Prevotella	Atopobium
Oscillibacter	Haemophilus
Micromonospora	Prevotella
Citrobacter	Slackia
Dyadobacter	Serratia
Bacteroides	Listeria
Cyclobacterium	Actinomyces
Fluviicola	Ureaplasma
Bacillus	Deinococcus
Salmonella	Ruminococcus
Anaeromyxobacter	Enterobacter
Actinomyces	Lawsonia
Streptococcus	Lawsonia
Neisseria	Slackia
Dyadobacter	Rahnella
Eubacterium	Sodalis
Methanobrevibacter	Haliscomenobacter
Citrobacter	Jonquetella
Onion	Croceibacter
Bifidobacterium	Bacteroides
Citrobacter	Treponema
Azospirillum	Staphylococcus
Lactobacillus	Runella
Croceibacter	Gordonia
Macrococcus	Caldicellulosiruptor
Subdoligranulum	Providencia
Bartonella	Pasteurella
Lactobacillus	Cellulophaga
Shewanella	Ruminococcus
Thermaerobacter	Rheinheimera
Deinococcus	Shewanella
Akkermansia	Proteus
Eggerthella	Polaribacter
Dialister	Acetonema
Coprobacillus	Capnocytophaga
Citrobacter	Eubacterium
Lactobacillus	Sphingobacterium
Escherichia	Alistipes
Methanobrevibacter	Tannerella
Leuconostoc	Psychroflexus
Mannheimia	Alistipes
Pantoea	Clostridium
Leeuwenhoekiella	Ruminococcus
Porphyromonas	Lactococcus
Leeuwenhoekiella	Oenococcus
Mycobacterium	Bacteroides
Fusobacterium	Lawsonia
Oenococcus	Haemophilus
Escherichia	Paenibacillus
Myxococcus	Croceibacter
Sulfurihydrogenibium	Bacteroides
Burkholderia	Ureaplasma
Coriobacterium	Bacteroides
Pseudoflavonifractor	Klebsiella
Klebsiella	Ruminococcus
Pantoea	Deinococcus
Eubacterium	Pseudoalteromonas
Macrococcus	Pseudoflavonifractor
Croceibacter	Weissella
Listeria	Paraprevotella
Eggerthella	Flavobacteria
Actinomyces	Paraprevotella
Dorea	Fusobacterium
Photorhabdus	Mesoplasma
Salmonella	Oscillibacter
Croceibacter	Sorangium
Subdoligranulum	Vibrio
Acetohalobium	Croceibacter
Bifidobacterium	Porphyromonas
Porphyromonas	Oenococcus
Macrococcus	Gordonia
Staphylococcus	Slackia
Pseudoflavonifractor	Legionella
Lawsonia	Dermacoccus
Lactobacillus	Moorella
Heliobacterium	Croceibacter
Lawsonia	Streptococcus
Kingella	Blautia
Kitasatospora	Bacteroides
Plautia	Eubacterium
Cyclobacterium	Parascardovia
Weeksella	Citrobacter
Staphylococcus	Coprococcus
Streptococcus	Prosthecochloris
Prevotella	Cryptobacterium
Salmonella	Clostridium
Ruminococcus	Fusobacterium
Exiguobacterium	Croceibacter
Alistipes	Plautia
Erwinia	Subdoligranulum
Croceibacter	Bradyrhizobium
Croceibacter	[Clostridium]
Neisseria	Cryptobacterium
Flexistipes	Rheinheimera
Dorea	Vibrio
Acetivibrio	Dickeya
Bacteroides	Salinispora
Prevotella	Olsenella
Pedobacter	Gemella
Thermus	Croceibacter
Bacteroides	Desulfotomaculum
Streptococcus	Paraprevotella
Lactobacillus	Deinococcus
Cellulomonas	Prevotella
Sphingobacterium	Lactobacillus
Bifidobacterium	Paraprevotella
Lactobacillus	Fluviicola
Hyphomonas	Klebsiella
Porphyromonas	Cryptobacterium
Escherichia	marine
Bacteroidetes	Lactobacillus
Dysgonomonas	Actinomyces
Macrococcus	Akkermansia
Corynebacterium	Propionibacterium
Shewanella	Propionibacterium
Anaeromyxobacter	Prevotella
Coprococcus	Pseudoalteromonas
Leeuwenhoekiella	Brevibacterium
Sodalis	Alistipes
Leeuwenhoekiella	Leuconostoc
Paenibacillus	Bacteroides
Macrococcus	Mycoplasma
Subdoligranulum	Actinomyces
Prevotella	[Clostridium]
Klebsiella	Dethiosulfovibrio
Gemella	Methylosinus
Gemella	Blattabacterium
Macrococcus	Bradyrhizobium
Methanobrevibacter	Prevotella
Oxalobacter	Rheinheimera
Lactobacillus	Parabacteroides
Dorea	Citrobacter
Frankia	Prevotella
Treponema	Vibrio
Acetivibrio	Lactobacillus
Photorhabdus	Faecalibacterium
Parabacteroides	Atopobium
Oceanobacillus	Croceibacter
Actinobacillus	Lawsonia
Leeuwenhoekiella	Cryptobacterium
Croceibacter	Kocuria
Parascardovia	Prevotella
Cyclobacterium	Pseudonocardia
Macrococcus	Pelagibaca
Providencia	Moorella
Macrococcus	Dialister
Providencia	Clostridium
Kribbella	Bacteroides
Porphyromonas	Propionibacterium
Weissella	Bacteroides
Salmonella	Pseudoflavonifractor
Fusobacterium	Caldicellulosiruptor
Ruminococcus	Pantoea
Bacteroides	Thermobifida
Collinsella	Prevotella
Azospirillum	Enterobacter
Prevotella	Gardnerella
Macrococcus	Desulfosporosinus
Runella	Lactobacillus
Lachnoanaerobaculum	Salmonella
Actinomyces	Hirschia
Eubacterium	Proteus
Corynebacterium	Fusobacterium
Butyrivibrio	Escherichia
Treponema	Providencia
Parabacteroides	Xylanimonas
Dorea	Rahnella
Leuconostoc	Staphylococcus
Rhizobium	Croceibacter
Eggerthella	Riemerella
Croceibacter	Thermobispora
Bifidobacterium	Haliscomenobacter
Croceibacter	Janibacter
Haliscomenobacter	Streptococcus
Leeuwenhoekiella	Propionibacterium
Bradyrhizobium	Croceibacter
Escherichia	Pseudoflavonifractor
Bacteroides	Segniliparus
Croceibacter	Chlorobaculum
Bacillus	Leeuwenhoekiella
Scardovia	Odoribacter
Corynebacterium	Lawsonia
Butyrivibrio	Actinomyces
Klebsiella	Desulfovibrio
Prevotella	Ruminococcus
Yersinia	Alistipes
Porphyromonas	Lactobacillus
Photorhabdus	Oxalobacter
Brevibacterium	Bacteroides
Pasteurella	Collinsella
Bacteroides	Brachybacterium
Cellulophaga	Parascardovia
Weeksella	Enterobacter
Klebsiella	Janibacter
Lactococcus	Enterobacter
Jonquetella	Acinetobacter
Bacteroides	Desulfobulbus
Aeromicrobium	Bacteroides
Bacteroides	Slackia
Enterobacter	Clostridium
Veillonella	Oscillibacter
Dickeya	Ruminococcus
Dorea	Shewanella
Subdoligranulum	Rheinheimera
Eubacterium	Photorhabdus
Streptomyces	Parabacteroides
Eubacterium	Mannheimia
Candidatus	Actinomyces
Pedobacter	Streptococcus
Lactococcus	Haemophilus
Salmonella	Coraliomargarita
Olsenella	Leeuwenhoekiella
Tetragenococcus	Croceibacter
Fusobacterium	Faecalibacterium
Erwinia	Deinococcus
Dyadobacter	Providencia
Klebsiella	Synechococcus
Erysipelotrichaceae	Capnocytophaga
Shewanella	Eubacterium
Desulfotomaculum	Prevotella
Oscillibacter	Fusobacterium
Fusobacterium	Ruminococcus
Geobacillus	Staphylococcus
Citrobacter	Ruminococcus
Corynebacterium	Faecalibacterium
Methanobrevibacter	Megasphaera
Candidatus	Psychroflexus
Leuconostoc	Acinetobacter
Flexistipes	Salmonella
Pectobacterium	Propionibacterium
gamma	Eubacterium
Oscillibacter	Pseudoalteromonas
alpha	Rheinheimera
Klebsiella	Eubacterium
Macrococcus	Flexistipes
Macrococcus	Opitutus
Clostridium	Methylophaga
Gemella	Cytophaga
Macrococcus	Thermaerobacter
Alistipes	Shewanella
Dorea	Enterobacter
Pseudoflavonifractor	Bacillus
Helicobacter	Propionibacterium
Acetivibrio	Fusobacterium
Stackebrandtia	Bacteroides
Fusobacterium	Treponema
Pseudoflavonifractor	Citrobacter
Propionibacterium	Xenorhabdus
Bacillus	Eubacterium
Klebsiella	Treponema
Salinibacter	Enterobacter
Macrococcus	Acidiphilium
Dyadobacter	Enterococcus
Neisseria	Streptomyces
Bacillus	Lawsonia
Legionella	Ruminococcaceae
Photorhabdus	Oenococcus
Dyadobacter	Coprobacillus
Mesoplasma	Klebsiella
Starkeya	Croceibacter
Croceibacter	Paenibacillus
Enterobacter	Nautilia
Candidatus	Ruminococcus
Prevotella	Desulfobulbus
Nautilia	Croceibacter
Salmonella	Butyrivibrio
Pediococcus	Paludibacter
Coprococcus	Neisseria
Escherichia	Propionibacterium
Prevotella	Melissococcus
Croceibacter	Dehalococcoides
Sphaerochaeta	Staphylococcus
Croceibacter	Leuconostoc
Neisseria	Listeria
Croceibacter	Alicyclobacillus
Pasteurella	Eubacterium
Eggerthella	Oceanicola
Akkermansia	Prevotella
Brachyspira	Actinomyces
Polymorphum	Croceibacter
Oscillibacter	Pantoea
Eubacterium	Bacteroides
Pectobacterium	Alistipes
Enterobacter	Acetivibrio
Yersinia	Moorella
Rheinheimera	Mycoplasma
Ochrobactrum	Lactobacillus
Bacteroides	Thermomonospora
Coprococcus	Photorhabdus
Candidatus	Ureaplasma
Escherichia	Flavobacteria
Rothia	Bacteroides
Mycoplasma	Ureaplasma
Cellulophaga	Rothia
Gemella	Fluviicola
Treponema	Klebsiella
Citrobacter	Roseburia
Capnocytophaga	Clostridium
Salmonella	Lactococcus
Neisseria	Oscillibacter
Alistipes	Atopobium
Mycoplasma	Prevotella
Methanobrevibacter	Staphylococcus
Acetivibrio	Acinetobacter
Epulopiscium	Bacteroides
Pedobacter	Lactobacillus
Eubacterium	Fusobacterium
Pelagibaca	Ureaplasma
Vibrio	Ruminococcus
Staphylococcus	[Bacteroides]
Kribbella	Croceibacter
Prevotella	Dorea
Prevotella	Leuconostoc
Cyclobacterium	Isoptericola
Propionibacterium	Bacillus
Legionella	Eubacterium
Capnocytophaga	Parascardovia
Klebsiella	Dyadobacter
Croceibacter	Roseiflexus
Bacteroides	Geodermatophilus
Fusobacterium	Acetivibrio
Enterobacter	Synechococcus
Escherichia	Natranaerobius
Flexistipes	Staphylococcus
Lawsonia	Klebsiella
Lactococcus	Xenorhabdus
Macrococcus	Lawsonia
Shewanella	Clostridium
Photorhabdus	Alistipes
Vibrio	Lawsonia
Opitutus	Ureaplasma
Croceibacter	Xylanimonas
Desulfobulbus	Bacteroides
Streptosporangium	Psychroflexus
Corynebacterium	Escherichia
Neisseria	Blautia
Treponema	Erwinia
Leeuwenhoekiella	Actinomyces
Halopiger	Croceibacter
Clostridium	Zymomonas
Shewanella	Dyadobacter
Enterobacter	Azospirillum
Rhodobacterales	Croceibacter
Rheinheimera	Alistipes
Carnobacterium	Bacteroides
Catenulispora	Enterobacter
Cronobacter	Deinococcus
Mycoplasma	Bacteroides
Pediococcus	Sphingobacterium
Candidatus	Croceibacter
Propionibacterium	Pectobacterium
Pseudoflavonifractor	Enterobacter
Aminobacterium	Brevibacterium
Slackia	Fusobacterium
Lawsonia	Vibrio
Clostridium	Leeuwenhoekiella
Dorea	Cronobacter
Vibrio	Alistipes
Croceibacter	Anaerococcus
Zunongwangia	Ruminococcus
Phenylobacterium	Klebsiella
Prevotella	Eggerthella
Klebsiella	Lactococcus
Methanobrevibacter	Pasteurella
Ruminococcus	Pseudoalteromonas
Bacteroides	Alkaliphilus
Oceanimonas	Propionibacterium
Clostridium	Proteus
Peptoniphilus	Leeuwenhoekiella
Klebsiella	Peptoniphilus
Eubacterium	Pseudoalteromonas
Actinomyces	Parachlamydia
Mobiluncus	Waddlia
Leuconostoc	Klebsiella
Porphyromonas	Methanobacterium
Symbiobacterium	Rheinheimera
Gemella	Propionibacterium
Cronobacter	Pseudoflavonifractor
Escherichia	Coraliomargarita
Dyadobacter	Rheinheimera
Fusobacterium	Jonquetella
Moorea	Klebsiella
Croceibacter	Pelodictyon
Segniliparus	Bacteroides
Alicyclobacillus	Fusobacterium
Oscillibacter	Acinetobacter
Faecalibacterium	Pectobacterium
Blattabacterium	Klebsiella
Cronobacter	Eubacterium
Dorea	Leeuwenhoekiella
Enterobacter	Gluconacetobacter
Dickeya	Coprococcus
Listeria	Prevotella
Actinomyces	Coprococcus
Rheinheimera	Roseobacter
Clostridium	Citrobacter
Prevotella	Clostridium
Arthrobacter	Bacteroides
Leuconostoc	Tannerella
Bradyrhizobiaceae	Ureaplasma
Caminibacter	Croceibacter
Bartonella	Klebsiella
Citrobacter	Erysipelotrichaceae
Coprobacillus	unidentified
Clostridium	Grimontia
Photorhabdus	Eubacterium
Klebsiella	alpha
Vibrio	Dyadobacter
Pseudoflavonifractor	Aggregatibacter
Enterobacter	Gordonia
Escherichia	Salinibacter
Coprobacillus	Ruminococcus
Ruminococcus	Legionella
Leeuwenhoekiella	Methanobacterium
Macrococcus	Azospirillum
Bacteroides	Olsenella
Cellulophaga	Slackia
Streptomyces	Psychroflexus
Eubacterium	Pseudomonas
Corynebacterium	Odoribacter
Mannheimia	Megasphaera
Bifidobacterium	Cyclobacterium
Coraliomargarita	Rheinheimera
Blautia	Neisseria
Eubacterium	Bacillus
Prevotella	Halorhodospira
Eubacterium	Baumannia
Escherichia	Flavobacterium
Candidatus	Leuconostoc
Streptococcus	Porphyromonas
Capnocytophaga	Eubacterium
Fusobacterium	Coprococcus
Bacteroides	Actinomyces
Serratia	Eubacterium
Pseudomonas	Lactococcus
Nocardiopsis	Psychroflexus
Dorea	Candidatus
Solobacterium	Bacteroides
Flavobacteria	Rheinheimera
Flavobacteriaceae	Ureaplasma
Isoptericola	Bacteroides
Polaribacter	Gemella
Erysipelotrichaceae	Neisseria
Klebsiella	Alistipes
Photorhabdus	Slackia
Collinsella	Pseudoalteromonas
Butyrivibrio	Ureaplasma
Acetivibrio	Bacillus
Cyclobacterium	Saccharomonospora
Sanguibacter	Croceibacter
Neisseria	Treponema
Mobiluncus	Prevotella
Bifidobacterium	Croceibacter
Macrococcus	Rhodothermus
Escherichia	Nostoc
Capnocytophaga	Propionibacterium
Coraliomargarita	Corynebacterium
Eggerthella	Prevotella
Dialister	Shewanella
Macrococcus	Stigmatella
Pseudoflavonifractor	Dickeya
Oxalobacter	Providencia
Capnocytophaga	Listeria
Candidatus	Coprococcus
Yersinia	Faecalibacterium
Parabacteroides	Brevibacterium
Dorea	Corynebacterium
Slackia	Prevotella
Prevotella	Stackebrandtia
Ilyobacter	Actinomyces
Eubacterium	Staphylococcus
Escherichia	Candidatus
Escherichia	Rhodobacteraceae
Propionibacterium	Plautia
Dysgonomonas	Rothia
Bacteroides	Pediococcus
Coprococcus	Cyclobacterium
Enterobacter	Bartonella
Lawsonia	Proteus
Cyclobacterium	Anaerofustis
Butyrivibrio	Salmonella
Ruminococcaceae	Yersinia
Croceibacter	Hoeflea
Cronobacter	Propionibacterium
Streptosporangium	Croceibacter
Corynebacterium	Coprococcus
Methanobrevibacter	Streptococcus
Gemella	Coraliomargarita
Neisseria	Subdoligranulum
Bacteroides	Helicobacter
Megasphaera	Pseudoalteromonas
Faecalibacterium	Haemophilus
Xenorhabdus	Clostridium
Citrobacter	Staphylococcus
Flavobacterium	Lactobacillus
Ilyobacter	Eubacterium
Rahnella	Ruminococcus
Lactobacillus	Leeuwenhoekiella
Leuconostoc	Prevotella
Escherichia	Clostridium
Pantoea	Treponema
Mahella	Cyclobacterium
Bacillus	Desulfovibrio
Actinomyces	Odoribacter
Acidiphilium	Lactobacillus
Prevotella	Dermacoccus
Pseudogulbenkiania	Ureaplasma
Neisseria	Bifidobacterium
Flavobacterium	Eubacterium
Klebsiella	Gloeobacter
Fusobacterium	Dyadobacter
Pseudoramibacter	Bacteroides
Azospirillum	Klebsiella
Rothia	Parabacteroides
Citrobacter	Eubacterium
Eubacterium	Bacillus
Actinobacillus	Ruminococcaceae
Photorhabdus	Dethiosulfovibrio
Subdoligranulum	Prevotella
Prevotella	Eubacterium
Streptomyces	Cellulophaga
Erwinia	Lactococcus
Turicibacter	Staphylococcus
Eubacterium	Pseudomonas
Pseudoflavonifractor	Gemella
Desulfobacca	Staphylococcus
Mannheimia	Eubacterium
Bifidobacterium	Leeuwenhoekiella
Caldicellulosiruptor	Rheinheimera
Beutenbergia	Bacteroides
Methanobrevibacter	Actinobacillus
Alistipes	Dermacoccus
Paenibacillus	Sphingobacterium
Subdoligranulum	Yersinia
Ruminococcus	Acinetobacter
Actinomyces	Flavobacterium
Lactococcus	Pseudomonas
Fusobacterium	Catenulispora
Corynebacterium	Flavobacterium
Yersinia	Prevotella
Bacteroides	Solobacterium
Syntrophomonas	Bacteroides
Tannerella	Lactococcus
Parabacteroides	Lactobacillus
Cyclobacterium	Desulfosporosinus
Subdoligranulum	Salmonella
Macrococcus	Desulfobacca
Prevotella	Eubacterium
Lactobacillus	Roseiflexus
Lawsonia	Salmonella
Megasphaera	Neisseria
Capnocytophaga	Ruminococcus
Macrococcus	Bartonella
Dorea	Prevotella
Eubacterium	Haemophilus
Subdoligranulum	Candidatus
Desulfurivibrio	Croceibacter
Prevotella	Propionibacterium
Pectobacterium	Subdoligranulum
Moritella	Alistipes
Enterococcus	Alistipes
Acetivibrio	Rheinheimera
Methanobrevibacter	Porphyromonas
Actinomyces	Taylorella
Dyadobacter	Dickeya
Streptosporangium	Prevotella
Leuconostoc	Porphyromonas
Mycoplasma	Klebsiella
Prevotella	Collinsella
Clostridium	Enterobacter
Oxalobacter	Staphylococcus
Xenorhabdus	Oenococcus
Plesiocystis	Croceibacter
[Bacteroides]	Xenorhabdus
Propionibacterium	Paraprevotella
Lachnoanaerobaculum	Rheinheimera
Geobacillus	Bacteroides
Prevotella	Epulopiscium
Streptococcus	Algoriphagus
Macrococcus	Thermus
Pasteurella	Oenococcus
Subdoligranulum	Xenorhabdus
Anaerofustis	Fusobacterium
Mesoplasma	Enterobacter
Prevotella	Acidobacterium
Bacteroides	Peptoniphilus
Croceibacter	Kytococcus
Cellulophaga	Eggerthella
Buchnera	Eubacterium
Lachnoanaerobaculum	Acinetobacter
Enterobacter	Geobacillus
Alistipes	Staphylococcus
Clostridium	Baumannia
Oceanimonas	Clostridium
Bacteroides	Tetragenococcus
Frankia	Bacteroides
Aggregatibacter	Clostridium
Staphylococcus	Stigmatella
Eubacterium	Yersinia
Macrococcus	Leuconostoc
Cellulophaga	Cryptobacterium
Erysipelotrichaceae	Pseudoalteromonas
Desulfonatronospira	Ureaplasma
Salmonella	Prochlorococcus
Cyclobacterium	Pediococcus
Eubacterium	Rahnella
Clostridiales	Fusobacterium
Eubacterium	Salmonella
Pantoea	Ruminococcaceae
Acidothermus	Bacteroides
Dyadobacter	Fusobacterium
Oxalobacter	Pantoea
Providencia	Erysipelotrichaceae
Leuconostoc	Psychrobacter
Microscilla	Leuconostoc
Symbiobacterium	Fusobacterium
Salinibacter	Ureaplasma
Proteus	Eubacterium
Oscillibacter	Dickeya
Pseudoflavonifractor	Pseudoalteromonas
Thiomicrospira	Ruminococcus
Rahnella	Alistipes
Thermaerobacter	Staphylococcus
Treponema	Enterobacter
Macrococcus	Prevotella
[Cellvibrio]	Bacteroides
Leptotrichia	Ruminococcus
Parabacteroides	Listeria
Haloplasma	Croceibacter
Corynebacterium	Leeuwenhoekiella
Rheinheimera	Desulfovibrio
Lachnoanaerobaculum	Croceibacter
Rhodococcus	Croceibacter
Pectobacterium	Ruminococcaceae
Microbacterium	Bacteroides
Fusobacterium	Eubacterium
Ruminococcus	Rheinheimera
Klebsiella	Desulfobacca
Eubacterium	Proteus
Eubacterium	Enterobacter
Neisseria	Akkermansia
Bacteroides	Saccharomonospora
Chlorobium	Croceibacter
Faecalibacterium	Providencia
Enterobacter	Thermaerobacter
Neisseria	Erysipelotrichaceae
Alistipes	Gemella
Synechococcus	Ureaplasma
Macrococcus	Desulfovibrio
Faecalibacterium	Salmonella
Acetivibrio	Escherichia
Eubacterium	Haemophilus
Erysipelothrix	Bacteroides
Neisseria	Parascardovia
Macrococcus	Kineococcus
Slackia	Psychroflexus
Streptococcus	Dyadobacter
Escherichia	Ruminococcaceae
Mesoplasma	Salmonella
Ruminococcus	Klebsiella
Escherichia	Treponema
Enterobacter	Coprococcus
Bacteroides	Amycolatopsis
Haemophilus	Pseudoflavonifractor
Listeria	Pasteurella
Fusobacterium	Rhodomicrobium
[Bacteroides]	Dermacoccus
Fusobacterium	Sphaerochaeta
Acinetobacter	Ruminococcus
Macrococcus	Synechococcus
Staphylococcus	Dyadobacter
Faecalibacterium	Escherichia
Turicibacter	Fusobacterium
Listeria	Acinetobacter
Weeksella	Ureaplasma
Listeria	Porphyromonas
Bacteroidetes	Streptococcus
Desulfobacca	Fusobacterium
Streptomyces	Capnocytophaga
Acetivibrio	Providencia
Photorhabdus	Symbiobacterium
Lactobacillus	Microscilla
Coriobacterium	Pseudoalteromonas
Dialister	Acinetobacter
Pectobacterium	Ruminococcus
Streptomyces	Haliscomenobacter
Croceibacter	Mycoplasma
Corynebacterium	Ruminococcus
Akkermansia	Actinobacillus
Treponema	Haemophilus
Moorella	Xenorhabdus
Prochlorococcus	Salmonella
Flexistipes	Klebsiella
Lactobacillus	Capnocytophaga
Corynebacterium	Eubacterium
Photorhabdus	Megasphaera
Streptococcus	Sphingobacterium
Nautilia	Psychroflexus
Mycoplasma	Staphylococcus
Caulobacter	Klebsiella
Klebsiella	Deinococcus
Pantoea	Ruminococcus
Croceibacter	Methanobacterium
Desulfosporosinus	Croceibacter
Neisseria	Pseudoflavonifractor
Brevibacterium	Psychroflexus
Xenorhabdus	Propionibacterium
Anaeromyxobacter	Rheinheimera
Caldicellulosiruptor	Citrobacter
Caulobacter	Rheinheimera
Gemella	Methanobrevibacter
Macrococcus	Myxococcus
Eubacterium	Xenorhabdus
Megasphaera	Haemophilus
Escherichia	Moorea
Croceibacter	Slackia
Dysgonomonas	Lactobacillus
Treponema	Staphylococcus
Thermaerobacter	Enterobacter
Methanobrevibacter	Croceibacter
Listeria	Staphylococcus
Pseudoflavonifractor	Actinobacillus
Bacteroides	Kocuria
Rheinheimera	Kineococcus
Desulfovibrio	Croceibacter
Fluviicola	Streptococcus
Bacteroides	Sanguibacter
Porphyromonas	Eubacterium
Dyadobacter	Haemophilus
Pectobacterium	Oscillibacter
Listeria	Tannerella
Rheinheimera	Desulfobacca
Leuconostoc	Parabacteroides
Oligotropha	Ureaplasma
Prevotella	Desulfatibacillum
Fusobacterium	Desulfurobacterium
Bordetella	Bacteroides
Citrobacter	Coraliomargarita
Eubacterium	Legionella
Croceibacter	Listeria
Coraliomargarita	Citrobacter
Faecalibacterium	Micrococcus
Prevotella	Halopiger
Croceibacter	Mycobacterium
Clostridium	Aeromonas
Geobacter	Croceibacter
Parabacteroides	Corynebacterium
Sphingobacterium	Rheinheimera
Roseiflexus	Rheinheimera
Prevotella	Peptoniphilus
Alistipes	Ureaplasma
Photorhabdus	Lactococcus
Eubacterium	Citrobacter
Corynebacterium	Ruminococcaceae
Edwardsiella	Eubacterium
Eubacterium	Dickeya
Alistipes	Fusobacterium
Pantoea	Oscillibacter
Rheinheimera	Rhodothermus
Mycoplasma	Citrobacter
Xenorhabdus	Oscillibacter
Propionibacterium	Salmonella
Melissococcus	Prevotella
Ruminococcus	Dickeya
Capnocytophaga	Blautia
Fusobacterium	Lachnospiraceae
Pectobacterium	Clostridium
Pantoea	Dyadobacter
Faecalibacterium	Capnocytophaga
Erwinia	Coprococcus
[Bacteroides]	Acinetobacter
Butyrivibrio	Citrobacter
Tsukamurella	Bacteroides
Lactobacillus	Psychrobacter
Pediococcus	Porphyromonas
Faecalibacterium	Citrobacter
Desulfosporosinus	Klebsiella
Croceibacter	Verrucomicrobiae
Caulobacter	Croceibacter
Sphingobacterium	Bacillus
Dyadobacter	Xenorhabdus
Serratia	Lactococcus
Dyadobacter	Staphylococcus
Oscillibacter	Rheinheimera
Clostridium	Sodalis
Azospirillum	Ureaplasma
Rothia	Cyclobacterium
Thermaerobacter	Acinetobacter
Coprobacillus	Oceanicola
Terriglobus	Ureaplasma
Streptomyces	Rheinheimera
Gemella	Acidiphilium
Enterobacter	Prochlorococcus
Treponema	Citrobacter
Citrobacter	Hyphomonas
Citrobacter	Natranaerobius
Photorhabdus	Thermaerobacter
Gemella	Desulfobacca
Klebsiella	Pelagibaca
Leuconostoc	Cyclobacterium
Desulfovibrio	Ureaplasma
Providencia	Oscillibacter
Pseudoflavonifractor	Acinetobacter
Klebsiella	Gluconacetobacter
Clostridium	Corynebacterium
Subdoligranulum	Fusobacterium
Atopobium	Bacteroides
Nocardioides	Bacteroides
Streptococcus	Cytophaga
Photorhabdus	Clostridium
Klebsiella	Megasphaera
Eubacterium	Providencia
Clostridium	Cellulophaga
Gemella	Sphingobacterium
Methanobrevibacter	Bacteroidetes
Rheinheimera	Janibacter
Neisseria	Coriobacterium
Macrococcus	Roseobacter
Alistipes	Pseudomonas
Subdoligranulum	Pseudoalteromonas
Clavibacter	Bacteroides
Bacteroidetes	Oenococcus
Actinobacillus	Coprococcus
Croceibacter	Verrucosispora
Macrococcus	Pedobacter
Haliscomenobacter	Oenococcus
Pasteurella	Ruminococcaceae
Macrococcus	Phenylobacterium
Tannerella	Eubacterium
Lachnospiraceae	Prevotella
Pediococcus	Psychroflexus
Faecalibacterium	Erwinia
Lactobacillus	Paraprevotella
Mesoplasma	Shewanella
Escherichia	Dorea
Subdoligranulum	Citrobacter
Actinobacillus	Prevotella
Serratia	Clostridium
Akkermansia	Capnocytophaga
Cronobacter	Eubacterium
Bifidobacterium	Dysgonomonas
Cryptobacterium	Prevotella
Eggerthella	Waddlia
Methanobacterium	Prevotella
Alistipes	Rothia
Eubacterium	Pectobacterium
Aggregatibacter	Eubacterium
Vibrio	Clostridium
Faecalibacterium	Shewanella
Neisseria	Megasphaera
Leuconostoc	Microscilla
Lactococcus	Pantoea
Eubacterium	gamma
Citrobacter	Subdoligranulum
Escherichia	Methylosinus
Carnobacterium	Psychroflexus
Streptomyces	Paraprevotella
Bacteroides	Arthrobacter
Neisseria	Eubacterium
Gemella	Pelagibaca
Lactobacillus	Waddlia
Croceibacter	Eubacterium
Yersinia	Butyrivibrio
Dorea	Cyclobacterium
Atopobium	Prevotella
Subdoligranulum	Legionella
Anaerolinea	Ureaplasma
Cellulomonas	Bacteroides
Actinomyces	Ruminococcaceae
Lactobacillus	Bacteroidetes
Helicobacter	Croceibacter
Robiginitalea	Lactobacillus
Bartonella	Croceibacter
Flavobacterium	Methanobacterium
Lactobacillus	Bacteroides
Lactobacillus	Propionibacterium
Staphylococcus	Clostridium
Fusobacterium	Ethanoligenens
Cyclobacterium	Halorhodospira
Propionibacterium	Marinobacter
Oxalobacter	Fusobacterium
Eubacterium	Fusobacterium
Eubacterium	Shewanella
Staphylococcus	Deinococcus
Epulopiscium	Prevotella
Cryptobacterium	Bacteroides
Acidiphilium	Coprobacillus
Pseudoflavonifractor	Shewanella
Croceibacter	Myxococcus
Blautia	Fusobacterium
Propionibacterium	Prevotella
Cyclobacterium	Streptomyces
Escherichia	Arthrobacter
Faecalibacterium	Enterobacter
Eubacterium	Ureaplasma
Staphylococcus	Lactococcus
Pantoea	Megasphaera
Coriobacterium	Fusobacterium
Treponema	Fusobacterium
Paraprevotella	Lactobacillus
Macrococcus	Eubacterium
Bacillus	Oscillibacter
Alistipes	Lactobacillus
Fusobacterium	Eubacterium
Buchnera	Propionibacterium
Croceibacter	Desulfobacterium
Alistipes	Corynebacterium
Croceibacter	Halanaerobium
Fusobacterium	Slackia
Haliscomenobacter	Eubacterium
Psychrobacter	Eubacterium
Leuconostoc	Bacteroidetes
Actinomyces	Meiothermus
Alistipes	Peptostreptococcus
Prevotella	Saccharomonospora
Mobiluncus	Polaribacter
Legionella	Clostridium
Serratia	Pseudoflavonifractor
Photorhabdus	Moorella
Enterobacter	Hyphomonas
Pediococcus	Flavobacterium
Clostridium	Pseudomonas
Dorea	Megasphaera
Oxalobacter	Vibrio
Capnocytophaga	Eubacterium
Acinetobacter	Oenococcus
Proteus	Ruminococcus
Xylanimonas	Prevotella
Lactobacillus	Prevotella
Salmonella	Propionibacterium
Leuconostoc	Leeuwenhoekiella
Coprococcus	Aggregatibacter
Faecalibacterium	Fusobacterium
Lactobacillus	Oscillibacter
Pantoea	Coprococcus
Escherichia	Sphingobacterium
Croceibacter	Candidatus
Citrobacter	Sphingobacterium
Roseburia	Dermacoccus
Serratia	Eubacterium
Intrasporangium	Prevotella
Pseudoflavonifractor	Pectobacterium
Aggregatibacter	Ruminococcus
Cyclobacterium	Segniliparus
Pseudoalteromonas	Eubacterium
Bacteroidetes	Eubacterium
Streptomyces	Klebsiella
Cyclobacterium	Actinosynnema
Alistipes	Granulicatella
Corynebacterium	Alistipes
Actinomyces	Desulfomicrobium
Pseudoflavonifractor	Rheinheimera
Clostridium	Klebsiella
Mycoplasma	Enterobacter
Citrobacter	Lawsonia
Croceibacter	Thermotoga
Clostridium	gamma
Clostridium	Plautia
Pediococcus	Cellulophaga
Thioalkalivibrio	Croceibacter
Haemophilus	Alistipes
Slackia	Neisseria
Prevotella	Actinosynnema
Gemella	Flexistipes
Renibacterium	Croceibacter
Arthrobacter	Croceibacter
Bacillus	Ruminococcus
Pseudoalteromonas	Collinsella
Rheinheimera	Eubacterium
Oxalobacter	Klebsiella
Clostridium	Micrococcus
Klebsiella	Kineococcus
Eubacterium	Micrococcus
Citrobacter	Candidatus
Macrococcus	Burkholderia
Ruminococcus	Rahnella
Streptococcus	Parabacteroides
Klebsiella	Roseiflexus
Subdoligranulum	Shewanella
Propionibacterium	Staphylococcus
